ACCOUNT_NUMBER,SERVICE_ADDRESS_ID
8114,2100059
26107,1216909
31582,2095021
33505,5818223
37284,1045360
45104,4615135
47672,5824352
53711,5899360
58971,360940
2817058,1121279
2817056,7317435
1413443,312524
2201919,7317444
2792862,3566332
2392124,2719450
2817081,1725210
110884,3202817
941186,3704353
784350,2098939
867346,3723846
632226,3265930
1113090,1446554
980808,886357
281957,1088597
1046924,3628742
115301,3285426
2281415,4339332
1552586,4358933
1935225,702210
2491946,4587230
2491949,6591409
921625,1510626
936942,4684463
121098,5827691
123641,2330659
126655,655716
1293440,5835973
129647,1124325
722689,1266257
1960573,1205128
2045083,5213382
698406,3777215
764366,988143
362571,1878036
1516745,4241062
481037,5133716
131602,2422034
1170011,5706399
132503,2263136
132737,2423496
134541,4094769
138928,5781099
1317103,6529460
1733778,5126522
1368044,4785379
140484,5908477
1881794,5336333
962880,1007992
557376,4515887
494844,2994268
707263,1205996
1167763,2331634
317918,4460617
1841461,5982875
144753,2645791
144906,3747201
146892,6084112
148024,5877481
148478,2618849
835645,149496
1094038,4603066
2229296,5924786
571752,677352
1004793,1509733
1763072,5159997
152271,2668080
153527,2674081
160084,5983717
165303,1399535
169495,5635543
169600,5441187
169731,2545171
170361,5913656
172107,2501499
172144,5769616
384536,1208873
423503,2346985
1913970,4206301
1901032,3780313
791751,3587041
1113720,3002867
174126,2428611
175130,5816881
182076,1382260
182593,3768303
182626,630136
184607,4569367
191106,2933549
191679,676105
192409,5697404
193378,4611062
194337,475515
194366,5369211
195254,1915576
2553129,1339952
2545708,6701489
2553164,1353754
199181,5822422
200369,961301
200475,1947204
201246,4309246
204222,5927649
204832,3702359
209109,568112
211180,6659230
211738,2832283
213583,5304629
214290,380212
1852524,4684805
1658847,4933573
217566,1284857
218148,2488582
218970,3223013
220994,4059281
222032,1494794
224211,4092264
224247,3980615
224400,1243521
225808,1928639
226637,3033226
226697,983325
228651,428051
228835,1888822
231984,249973
232279,1219662
233494,5092410
158818,3199405
234303,5951093
178675,5024127
235335,4101380
236083,436280
236754,4654601
237341,5853502
238589,5818080
239408,1490430
239808,1123778
240587,1921155
243068,5840148
175104,2680043
246907,5791120
128643,2914915
250263,5883933
251178,4392254
253305,873881
254663,2732078
258130,660325
258452,4466798
259733,2943109
261846,1129460
262167,2255128
263159,4714598
263231,5866279
265208,4804540
1385608,3610432
274191,413396
274922,1306379
275131,794049
276168,4889496
278208,3208187
278802,5817787
160851,1294607
272979,2423921
281936,5773566
289320,745401
291300,1763808
293546,1888544
293986,2759273
296818,635138
298140,652529
298722,4173843
278794,5930055
300430,3009043
1495488,2330003
2303512,871048
301357,2738450
241499,5928988
303394,4421944
304822,5850250
304971,4243068
1108367,5843896
622974,1200339
416582,2092168
310330,4642381
311505,3927600
126054,4035772
312587,4338253
312949,5380474
313126,2795449
313557,3234813
314215,1051293
315041,5795485
317188,4677307
318541,1224776
320189,4241012
322694,5729347
1959070,4979546
334867,5804514
335680,872112
335756,4894946
336624,594876
337576,5834336
337765,808540
338231,556156
339219,4794686
2259322,7220786
2770257,5813966
2770262,7220795
622984,7220798
2211866,2006399
2581124,7220799
340315,2796484
276104,3137138
340473,2953571
340616,596266
272427,4063689
344091,1926458
345513,1826461
348900,1354962
1969152,197041
1132081,4425765
195023,2030994
350409,3314322
350741,1812421
351452,340734
351753,3155085
353668,6143318
355097,619709
355734,929822
357882,5607288
333650,496887
358868,5553308
359204,4848400
359672,1242618
360392,5848894
770988,1402797
1648387,5218137
1230227,3754077
2196650,5809918
1882914,2474258
431558,3693954
686382,2794783
2450778,3344799
1178822,3629983
459452,6497076
2450885,6512041
1305537,1216367
364539,1964016
1771153,4642729
1061670,996391
682235,1968104
530591,4128744
1020608,879437
1889903,5036591
1941126,4322744
1794471,500407
1797589,1143010
909428,2334635
1285792,4052638
100826,2922453
1802228,3691587
429951,2667863
1057142,1458396
734315,2513928
1834743,4048042
371574,2452879
374504,1256896
393467,1150383
864206,4431473
2001013,2616543
122565,2497959
1043573,1386194
377167,1003449
953766,3373561
378200,822837
379895,2360396
380767,5955722
1028902,4041262
268711,1921652
2158474,2816944
723515,4048626
381474,2792215
381524,2403422
382282,747051
383267,4910877
384101,5592974
1116559,3426043
1289967,603902
1876344,5306452
1661126,5262673
1229107,4094920
1156957,4292924
388693,5844491
391753,1042080
397117,2976897
397660,3823083
398437,4847037
398687,5820157
399854,5812008
406239,4553431
406607,2231803
406855,3559873
2294553,2994373
158160,4247038
1030488,3800548
411966,2353792
412674,2427891
414307,5938323
416828,1366545
1490165,1348365
419073,5725299
419623,5855667
429124,944012
430347,3427178
1234799,4259190
441874,2098546
444431,3283016
444585,5878940
446896,3814338
448613,3288574
450002,391830
1968322,5003427
1336295,934281
1418837,648275
145258,2655261
1038322,3527813
455280,5756362
456158,670961
459308,5245231
1457685,1478832
635213,5620049
459810,4619055
464363,5131557
464462,4387338
466041,4912354
467212,3249761
1270089,3241329
476215,5484607
476394,5823733
477820,5876875
479331,5663752
483386,5835946
483982,2763128
479314,3333292
490297,5766715
490866,2358477
1238477,3215394
498105,3575920
499288,4303954
499460,358692
501335,1123321
1163344,1752255
2021129,5962176
2320327,1080045
2529602,5832212
2529615,3566752
867842,6669812
506043,5948574
507718,4726188
507845,5815165
510974,3978938
513767,529393
514413,5733485
514560,3690925
515405,5687285
521509,1248919
521597,2930654
522514,6234829
1269961,968434
1425750,1583249
2278555,946623
455183,5773998
1201803,1131037
529286,5837166
532735,5789400
362938,307465
540547,4537993
1874613,4830279
1020916,2490742
1318284,3342944
543492,5939232
544629,1398743
1392760,5876469
546188,4999513
546600,3230271
546974,3902456
547684,3387119
555161,2116146
558143,5216008
559649,464504
561158,586496
561451,5074954
562173,1695728
566710,922088
568881,640973
570359,2116609
570795,632894
571334,2413099
2158800,1876008
2210244,676750
1766988,4637430
1493495,2373699
581823,5712287
582154,5908475
378473,5200215
1156315,3921013
585784,5791135
588416,1954606
497720,4359433
1774791,4619096
553232,776725
2355746,6273732
2355750,6273759
600333,5883864
602884,5912775
603720,5727646
603725,5153405
603741,147925
402314,1968177
1065312,676974
997734,4436780
228913,2755146
577335,1081755
614009,5834853
621831,1186107
1663501,5975425
623749,5961808
1444889,3219833
2064624,2305546
1892276,4114237
2216267,5878039
624953,5939622
625420,5902327
626265,2375291
379018,5824447
630147,1058979
896808,4157510
683202,3172467
630757,4045985
607489,1207891
1088034,3022586
1385273,2229685
2229752,5931951
1151137,1477756
230620,172258
631459,4522795
254820,3457766
286387,900122
264576,529407
1643305,5851386
1114837,3549455
1101997,3867985
2208509,4867459
635685,5919822
635874,5332798
637033,4315498
639995,1242549
644458,5977660
777811,6176642
645058,5703755
646562,5082022
641271,4252947
2224891,830209
539441,631316
647435,5751301
654122,773549
655685,1829289
656970,627683
580925,5812432
2145641,4700534
663161,1450754
665045,1340347
668599,5873146
668634,5878609
669762,1145009
191115,2341980
670129,5713550
670801,1032709
671397,4282037
671899,2650541
672619,1967360
675405,3358597
676459,2124938
679434,5882190
679924,5828760
680037,1949792
683284,3191372
686223,3174677
688517,5775139
1278455,854223
1421516,326336
1161564,1162874
679080,138441
1670099,1444752
489585,1463074
850797,3633228
1608459,3899950
2093149,5384579
691186,5876584
697926,5712227
699444,5720475
701823,3026933
704367,1233295
704561,5721612
705999,2604117
705430,5768010
707365,4630300
708129,5817415
1529710,609343
712741,5790470
713839,3526663
717219,1742256
717603,1749467
718014,236634
719946,938941
1281564,2655259
723962,4840782
724575,5793412
725046,2736733
725655,4373691
725850,5201652
952526,1683154
765309,3563223
477535,2281610
218779,4059231
729648,1795383
2579919,4904164
2579925,1481395
979685,292313
1390531,1534504
735082,5870262
735084,5469537
490564,5917631
739849,2453068
1225751,888460
744998,1146366
745245,829708
745282,1160280
745514,5564822
748384,994423
752350,4868324
753168,4308998
755776,5822537
757721,3543184
892223,6719652
2583162,6785883
2556747,4792658
2583175,3589218
762777,3261531
762962,5780836
763733,5896255
766177,5914755
767659,5746512
769091,5804393
769601,3406482
769852,4224269
844079,4203035
1444553,3835886
771074,2883562
773705,4245624
1260101,5772727
777402,4398978
695199,3475898
126135,2978727
2408315,4225721
1477621,4097404
910063,1380975
737068,4614685
781337,191972
782624,4197529
782695,4432383
784379,5713131
784905,5945102
1339265,4681493
302127,4109018
1048775,5698669
790186,1300506
546827,4241064
792114,605293
793310,5314272
367032,2719020
796780,3592076
973367,5907088
981591,1042599
1838902,4763548
490411,4197842
1091314,4231375
530795,370996
1857972,4782221
1174870,4948968
881874,4577089
340296,3258013
1994421,5645356
1892,1211220
1247646,1873694
1255660,276927
167566,2541474
1934236,1900522
806899,4123423
1681520,3065434
1786369,850394
804408,3574167
805192,5916125
1028425,5809386
806277,1406079
809955,1961369
907761,790039
933005,3702115
458254,3421750
812617,2952755
309186,5899454
919584,3940951
1237696,4005287
821034,4580084
2064014,1163761
874465,439553
817676,4531572
192636,930325
1766112,4635715
1523601,5780963
156604,1196867
200834,1305476
324145,3103304
1496586,958310
1140236,1256039
250112,3609259
828209,5968730
557478,5935727
274721,1143764
2300805,1237891
820985,5625097
1097693,6451194
1034326,869551
221389,997606
1917125,5764154
1942080,4943109
775951,1197569
162493,1894400
607480,4526790
2155244,1399751
1737571,4597069
1896032,2042349
333910,1918489
817158,2799390
1609219,5256937
1084313,2428621
1392881,5748165
1824272,4973102
833038,1821842
1001823,5199327
241230,1016683
450905,1153126
836221,5899480
1890487,3786458
1689241,4537900
240792,439471
2097160,5400171
1370252,1353504
1030752,1065982
840972,1926927
1014111,455554
1069800,1351347
844857,1479610
844864,6017862
1131286,1698967
847974,5224110
470246,2429774
2018428,192295
606070,5148108
857416,1460448
758286,3555918
1758122,4623741
852044,1331433
852214,2548391
693070,5282593
892569,166342
236531,4631063
359448,4485969
1555796,4363648
1286384,4102617
520022,5142181
1115040,4405831
853536,5768119
1047387,4701182
856105,5777564
856142,6284040
1141055,2073724
856301,683060
587917,5767425
334736,5106730
524508,1797857
689166,3506738
1029875,1485703
944033,4656530
1017056,2733160
758140,4983530
119626,2348764
1060269,710329
660810,4758581
1014017,3252990
862548,5720522
2118649,5229807
653498,4498908
765850,3792316
400434,5280566
637060,851416
138838,4561484
1973608,823666
1293816,3677867
1847362,2419238
864876,3643075
1177030,937100
767479,2234733
2196132,5727111
1722576,2545213
1145489,682967
1298364,4065843
1585743,3608341
429111,1179188
238528,2893838
1789562,3062980
870216,651114
773431,3640830
873737,860196
1876050,5878978
1567312,3928977
307178,1414566
1036577,5100386
1987952,5056217
1012309,3782216
1176355,4847250
1266263,4162917
1384163,833585
1896327,3618256
616370,383570
1531710,4492553
924945,2094832
875317,1374719
864681,5414234
876765,1504254
1705505,5263352
348844,1162700
663203,4437118
384812,2428470
145966,714742
1223803,3101197
2079649,2012796
2091071,4021369
1419536,4199283
1184445,4225496
1366797,1874062
1948838,2246717
1158738,4485522
1111659,1192203
1134948,191933
877995,1674268
881877,3653528
532698,3375319
393008,4789058
2349054,3991878
1913451,1421174
1227435,5621195
1819884,4707615
2160015,864202
730794,147575
886340,1187251
1002767,3742453
1660654,4385976
581053,5410666
1052419,214712
1120075,3144387
385503,3195714
594828,4365066
2142081,5592987
460060,3228291
892367,3410083
869776,558376
183058,154285
986915,3750690
422621,1498875
254360,4176031
1265773,5275038
1019404,2099207
896358,1201923
1165815,5740398
2581647,6315527
278144,6782558
2464506,6782549
2492953,6594103
337363,5172324
2206921,1002173
899637,5976868
560605,6188572
145670,2646028
856293,1593261
129919,541060
477835,3620895
1942609,4776758
1114623,4200782
1183150,1028290
899853,5633063
2316212,6164121
2316218,5276657
2225620,846767
1209473,4065963
658990,5635147
1344010,260409
2225635,5755151
1024815,308615
900292,5739736
2007918,4021307
1243932,4010797
139683,2625393
495720,2961983
1489031,1826747
1326445,987424
289852,2600082
916394,2362689
1296568,794803
2325548,3490269
61787,3143063
1633086,3758657
1627329,4843191
351323,1514315
1725988,605465
612456,5784826
514075,3461108
878444,1225270
787855,3733623
2189542,3829115
1282022,810386
259554,130456
152311,2351388
401629,4179413
257497,2293507
316798,3079606
1827548,1346850
940778,3704067
877139,3255478
2000900,1233506
787629,478241
811981,4526315
1992376,4206648
901432,1422508
1837681,2584738
1044525,827217
1931130,1860306
452150,4176901
425689,1749786
1195032,5953447
403295,5974143
1040775,1312379
751263,1201727
1093643,5822967
893267,3660489
1112181,6026679
2557260,6674854
2557278,5648550
764469,2513546
789149,4254967
1147721,1895221
558031,3854317
2018636,1219074
1361542,2217658
525340,4289760
189100,2766872
1715568,574175
137752,2621968
478959,4287740
1951568,1781092
2167435,1208360
189304,3731236
534621,3921988
426210,876837
1155427,2442968
738744,3247428
1818562,294646
601159,455792
773175,3571611
1489114,4274474
63024,638095
1702168,2198546
369292,4544229
1914805,1825197
1338632,3392506
738635,5720189
2332764,6846260
1782735,5402578
2115494,5244221
451221,3988792
718932,3530393
2787412,1404627
2787425,7263166
1987108,7263175
904273,870962
1708246,1864903
1829180,1706013
336509,1416109
861531,3641308
2102480,3807044
727455,3519702
1035552,3806878
1843341,4773144
279651,3551308
2037701,1014445
1663449,525651
1548634,1077934
1462927,2692280
2083131,5015423
590219,706494
2160466,3318424
866219,3644022
722999,1273725
1029439,3603621
834093,5690321
1421198,3173883
2005269,1065074
567473,172865
420760,3251177
795642,872889
903858,4142032
234475,2885404
1618047,3388946
1950153,837209
1369655,4143373
1591534,575810
38513,2038086
728207,3536415
1341476,4967025
1452464,4233547
1445322,1742545
2244795,2397930
414548,4655063
1532413,4306667
1674976,2529660
1032361,4074920
2083587,4130647
2191119,1179981
466238,282414
618971,4318445
2169165,580253
1678592,4492386
564454,4221293
1554422,2375206
261306,3769996
1583261,2869494
133872,1456165
875602,1974198
1739747,836007
192172,4838402
1602618,2595212
358059,988198
2656138,585639
2656146,1163816
322524,4269326
1054067,1100320
1435827,1956440
1140260,1161342
916223,224751
2060131,3748691
2438213,6478787
1045177,475092
1217261,5036597
1648982,1838902
1031252,4651251
502229,2793324
2321408,4841091
1545920,1892915
2221913,938563
2078812,5853342
414650,1963186
907557,4744360
826129,3613944
349289,4340012
1867606,6962712
2668082,6962907
2668057,3416838
2668063,6962899
2300625,3332510
1782066,3381150
326807,858302
1748757,1950232
856604,164500
908674,3675072
1639864,4472184
335571,2818350
641469,3465307
1297823,3528801
227852,4073089
1661571,4579622
892719,4770659
779152,3576133
1902056,4374760
1554794,5175608
1029701,1403086
1509808,4072898
666189,800697
2244379,2998451
1513461,1388562
1771000,3023774
10642,244254
1045977,4865650
1389156,3377511
2168421,5205207
2338217,6212476
2270880,2391537
1038753,4316776
2422518,2358516
2422522,5931135
734870,1046481
771931,3570495
1234833,3881001
1433446,307507
795556,3590984
908585,3199566
1069089,1247104
961433,632943
1854272,1901870
817653,3365802
531545,1342704
1350411,859676
1512718,2217811
1987362,2425363
1566545,2480543
2295536,870548
943838,3706674
2295554,6102211
140672,1941122
2295562,1303873
495782,5798544
1583106,1821684
1250327,1797621
1239015,3165791
53187,3979315
181180,5921684
2249550,5995753
1495847,268045
143195,3715933
735796,3395724
317484,3085222
1980610,4895401
1361623,1546501
992593,3117670
1393363,4169811
792029,1336636
488819,3116138
783466,1928600
898792,2560353
1749889,4749376
819429,1334688
2115988,4225926
425936,4731821
1613557,1840446
946503,2265079
494433,5337645
2069069,1185129
282349,1428736
1583726,4118777
487624,3018693
1465896,4938883
1199492,1388284
1893395,4616689
499373,3993015
447230,3813289
1177190,1185761
601928,1950166
1979135,5030325
1359720,1190037
1916374,2522875
1077003,2602167
1565933,577710
1399397,3465486
634080,2275796
912890,3813690
207293,4503886
585170,2309060
1905573,4765219
2185367,4983088
333896,3296276
2233130,845408
2233122,1455750
1936044,105713
2233281,1128633
1619192,4411499
238726,5797341
1333081,586498
2595442,6787821
2595443,6224887
1404743,4536834
154191,2673535
1902604,6806682
2595455,5996207
695686,147207
1634135,523440
2208733,2656684
435322,5832294
1367190,4411348
834763,4561840
909600,3871478
535021,2461465
560435,1883086
1069032,1695355
1397493,3124603
1562448,4373492
1143637,3956601
644656,3908757
950536,2308666
524045,2738265
1377,5328328
1239198,4006337
1226262,937594
1178274,3941901
1531320,3849248
1856460,4797693
1140543,4493822
504914,5755445
914881,3611827
1936770,1948674
602005,2435512
2183781,1004687
954612,3994366
1010824,991781
1241186,3387090
1324204,4096938
1069269,2455521
1505693,4292107
1053001,4288949
168770,2711061
709211,3521931
273732,179184
1600650,4425313
1685370,1170416
48217,4493371
932507,5852462
1776601,3538069
1741292,4600955
933395,1181329
1607549,4433008
892303,3511217
1079525,2902894
1040936,5612830
1075241,2755109
629379,1749806
1727216,1498639
1101927,2944725
1779677,4800450
1059961,2323432
1055492,4746685
1733053,1240654
206351,2613347
1850280,4190602
2023849,4570533
2292991,6073871
1964876,4967227
412793,657312
1513739,1436905
1131790,5771632
1559708,4368846
906585,5979677
2159881,5979678
2242009,5764386
1829870,4463086
1959849,5604834
560993,1923298
1079283,1003476
865419,2386528
1268710,2720640
490797,4255383
2283014,988022
2283022,6071935
2283029,5960953
1411536,6071941
2142687,2092400
1018316,5377771
942088,3110602
1019445,505904
649563,4464000
1938703,5527182
2013009,4195934
1078021,1090166
917933,2693207
1793871,2988224
2171225,5850746
808854,5477460
330754,4558915
1409167,2251505
1037484,940520
2232523,5664889
1109324,3612594
940215,1835543
1553075,4359490
2232534,5943435
609280,1556715
780553,3211337
1846696,392854
2214199,946694
1203880,4060965
1894138,2856177
1727456,1867012
1027829,3493206
990129,3756445
2193023,1855052
526771,5938538
419365,3942619
162869,2698806
1280611,2841436
565776,4358947
479002,648821
1724319,4579880
1265978,1960110
2679705,6994791
1575228,1888648
919076,5924606
131168,2599277
2141507,5591145
1617503,4380762
1362054,4135219
1543257,4441238
1412936,1716854
474532,3632114
919334,1410867
1074365,4794336
2573676,4857453
466349,5159362
1041374,3813017
2194345,5803752
2105454,4843537
534961,3376750
703339,5071189
342451,853931
151290,2356638
130165,2459835
217043,4260339
574170,2803994
376813,3029927
556020,1683115
1225796,4209258
125413,846395
1708617,3079244
1001260,4357150
1425065,1770965
1023801,2741933
1702223,1888196
1579485,2334504
1674722,4515893
1559343,5203374
1086490,4038135
1865770,1900401
231834,540339
188923,1993990
1583057,4574312
155157,1243517
587333,334574
565634,1416396
2108654,1457433
572075,4168460
930046,5298310
642311,3196889
1385250,823347
264471,3864836
391840,1045162
1290629,4057570
566285,3402790
1045322,4296744
2425304,6442957
2257687,3055859
1457994,4029145
284694,2500032
386829,193876
2136016,3789569
2051797,3187776
1076137,4735119
266793,4814972
1673587,1128227
2006289,625720
965370,3175512
380880,3207656
1375555,1170008
380430,4112232
1152002,4451052
430007,3378957
1981221,5006303
580499,5227921
1203319,5492949
1748446,5027784
155463,2673271
1948753,4481856
1732764,4590060
1617019,260921
969331,1462543
431277,1934964
343412,2283862
2064144,1495619
2300177,6112842
1031467,5246821
2023203,1731224
1743856,5112633
426411,5837777
2194027,4150066
1683549,1038661
238249,2893564
783416,902421
2805608,7293872
2805610,1024659
2805633,6960831
2805660,4773028
2805663,7293953
2805664,7293959
2805681,5023406
2805702,7293995
957100,1225540
2805711,7294126
1015830,5676240
309347,2080913
1732310,4589695
1379056,2647251
767838,1333817
1069332,3693708
2815652,3415100
2815655,4451320
2815681,4740605
2815682,7314391
2794242,7314400
1818814,4728968
905180,3247480
2151825,3462338
193647,2323461
2193088,872255
575528,3410270
1055802,2734457
2118860,5204994
375115,2896262
1064409,1202492
392159,2493018
2096437,5401094
1704989,5103375
2121688,5693258
2062232,5242599
2281760,3463526
1689300,1190700
1528024,5027321
1608521,4433939
1193857,3960788
497634,1065776
1918328,563683
942344,5818036
2544790,2591881
2544817,647376
2544823,6699010
1354161,1857754
904999,5041873
381562,4926612
996410,4570989
792370,3586450
1504884,2512874
1014925,4591517
169037,1907121
941670,4098596
2211325,5860762
1873724,4554122
121003,4908085
1491681,2513229
2012887,761144
1324306,1155745
1378172,1707732
1241100,1207300
220229,4439596
1030844,3943785
283286,4869571
194598,1346862
1546498,4340917
1667975,5410321
2021678,5005945
1484693,3555780
1878403,1641928
1341875,2235158
1929119,4921877
1702588,4998473
503620,4690530
181236,5244199
1770387,3690857
2015194,2312730
345606,1797397
1130730,5753715
940971,205953
955853,2640130
279635,2983228
521017,1948781
925591,5828736
1122634,1437939
1786683,4668855
1110992,1196927
1984861,5046633
2187751,5782282
2173892,5697392
1470510,4270613
511045,3057277
1791854,555790
1108550,2428732
2183449,1043576
1930873,5763831
2053163,4553510
532936,2380251
2118825,4333546
1002235,2229310
459346,2980875
1864880,1459353
477316,3322293
742273,4731944
2123104,5138332
2195269,1653751
800434,883879
342488,3140837
1837749,4247425
1013922,1915488
1859994,5223468
174084,2078059
1692013,5072728
1863323,4319898
2236729,671124
2236730,5961202
1538132,2002119
1219805,1002131
1851401,940925
1657009,502404
1761145,4922407
1136676,959303
2242946,5706676
1265100,2091719
1063253,4879467
1270134,959179
2064260,4602779
1247009,1153612
570470,134221
1746792,1236788
1695753,4431816
941126,6516334
611496,6040653
2827059,7336455
1980356,822960
6058653,7336559
2230962,1311439
2827090,7336578
1031400,3746116
2619564,4687466
989090,4381804
1575514,4295642
1078981,982125
1129197,5856603
1678436,5976080
1572535,4001469
314137,3075238
439247,605554
1884699,2345625
1823987,5063952
1383592,4170672
2124089,1819640
854026,1736499
348125,3089719
191216,4154317
1601993,4426878
1630644,907487
255074,2764223
174867,670941
807604,5423569
695109,2264958
1037123,930529
292043,2388200
1911273,1240735
1026523,3239381
2001246,1267539
2102222,5418136
1025097,3795222
734653,1205086
1807020,4707657
338059,3132721
2105742,1895020
533704,510954
1655116,763715
743839,3547864
759766,1148328
1688448,857426
711677,4517339
127051,2862296
1557202,1455024
1263528,686398
306510,1242692
2017057,4997361
1495684,629257
1723193,1009372
2181629,1901016
930017,4070501
975464,1147621
1023806,3900065
441915,3449927
1546476,4893006
120681,2961044
297539,5384871
450916,4151594
1208605,2446365
331228,3921941
454728,4233686
1273067,312860
1229720,4653935
1277664,1049102
164211,1158443
1423820,3270789
359918,3161769
393276,4237741
1597158,1455970
1266300,1454802
207214,5823126
2321165,1251731
1087840,798237
1075784,2065344
869615,3628956
1717815,4571738
2081124,3701356
1562420,4206290
2378458,5470432
268715,2619396
948056,3410204
253321,5676511
222066,1557002
288244,3409672
1946151,1967601
932396,5717176
1061368,1863622
584144,170908
470627,807865
1796449,397061
933147,4901595
1783120,2308306
111982,343099
410851,1926046
1016667,4279345
1187715,682864
656072,4151915
455573,2355395
2258715,5396081
1437332,4185077
1871928,596446
902334,5558400
1144481,4594422
1526326,1252742
1982158,5852459
2208749,4589254
1781235,161248
1103141,289262
573570,1961042
324930,129719
1031273,678193
846816,5279123
448738,3932165
1665781,1912705
1569561,4373068
837928,3623283
1081856,3851002
2179016,6032491
2260948,3658817
2260955,1312102
806775,2777616
2218312,5884712
190256,2767810
1316863,1902608
1281935,1459923
585127,3419363
1050060,485669
1626448,4789765
1687241,4532900
1687421,4365185
1689679,5176221
1789642,3653215
1074629,1544165
1720670,526267
2252210,556160
826211,2233641
1446012,1918137
2043040,1220097
1765538,2603610
1533327,4949603
275569,6580535
438622,1019974
1603961,3330745
2210085,910366
2066864,5280467
829811,2623164
1930792,4601296
1179374,6015219
989566,4042792
1375841,5809750
285976,3592465
1767886,4910659
438330,5847259
322782,2810882
827553,2362517
1661091,927591
1983140,503726
1193987,4701482
699221,3020582
123783,2547096
946016,356700
637586,3950713
1487369,1119912
1093830,4355439
2183047,1828088
435492,3273727
300566,6069324
2328243,4206050
2236541,4797859
1045253,2863932
2236553,4558185
492557,1477802
2271917,4895312
1618569,5721776
449216,2056739
1390354,1539914
477092,4037462
1184879,1100261
2206581,5844642
936519,5980709
2034531,5183734
768462,798876
851608,1065289
155146,2678085
706245,1398548
1829038,5083712
323964,1200398
1242690,2287135
1340802,4113712
1345957,5796786
160777,1007574
223713,2326734
915279,371601
1602525,875642
2272172,401016
1602557,4427614
1716393,6047374
2272180,6047373
937531,916733
176021,2327236
808828,5353002
687314,638176
1268590,4482742
614117,2307894
370635,4058478
138627,2622586
1413716,1713196
2182227,2613012
698894,924001
1385379,3908615
419840,1590991
1835857,4307463
150721,2599276
1049662,3118310
1976820,4137458
1974953,1913742
1241134,1585252
834463,4609570
2143715,5598006
1956004,4972983
1590084,4167022
1069591,3896190
1287273,5354612
1238062,5087557
2036488,4671101
938663,412081
1955025,1798639
2181565,1170081
1061765,871523
719808,5113595
1379700,2307485
150672,2665404
1077319,4086580
2175780,3818729
368923,4267383
1741633,2518734
1052386,3822431
1681755,510367
2227230,5019180
1387377,301567
2151348,2534666
106764,1891714
648628,2577433
1577698,2478135
1054686,3191552
1866705,2271965
1548871,4381618
1619222,706076
728420,4641351
989084,6071942
939850,3703599
1992001,5863321
1926843,1823346
1886458,4014976
1393025,1753082
2219458,4633400
1492605,1627901
663079,352022
1573093,4389716
2219468,3815959
1470200,4151349
1333797,4107017
521211,3366268
1241781,684872
423442,2282094
1096057,2368552
158509,868084
854858,434842
821366,4362019
214764,4400566
854699,3650135
2184755,1037989
1082792,1144776
1022695,3272870
444484,1191089
865813,2359528
2196492,4047173
2196848,4495431
446972,6192719
651948,4514678
1066443,3828188
331069,1129575
1655737,1058846
1577537,5873600
2133391,5421808
832528,1967858
1883898,5329104
982215,4170076
2172283,3703108
2690279,1409713
2000627,3664925
2690291,7026499
560563,4149565
919620,6523481
2353435,6523482
1935566,6051776
349006,2372466
1015907,977663
2064529,5273321
1885084,900120
1463006,3421580
660627,3530593
142721,654091
218768,5837086
548197,2866458
827596,3615071
587573,4230148
2121310,5306661
1792943,2231480
226829,4108377
805916,5769494
1119010,1923260
2184602,243892
543548,1088232
1901794,530663
942695,2219834
1082808,188538
1827071,5524093
611867,3154005
585650,1187448
435764,884030
257895,2334895
942955,423255
261743,3076572
2110599,4830416
808336,3599702
250336,5743689
2338788,6580919
2388977,6580112
1692287,6580922
154883,6580934
2212583,5557276
427403,3977112
2180182,5037874
2211118,4726189
2620466,6856087
2620536,6856146
384381,5963736
1663274,2545567
1534891,4541232
1709626,3794532
1390427,3272566
1977636,5027378
254497,1585076
908373,1494470
2019410,2353681
1144710,467953
662973,1121997
1121623,4761283
2234547,5774221
1753468,824121
1084094,3852708
561605,3840655
1744595,3259267
2182034,4547581
111433,3720226
809115,800382
1506354,5306270
2029155,2268319
1487035,4272472
1357016,4071147
1348672,3983485
629365,2371430
361382,5240761
586552,2277969
1042363,3813789
944167,3018631
720292,1014615
1794614,1485948
1662809,602146
458709,1465230
987323,5872634
1040113,5028358
660311,864667
53123,4647574
671712,4063685
1821706,5713543
789928,859217
1346789,3353467
1681411,3616941
304773,957575
1089738,5718510
1073742,3490400
2124896,4197730
365721,1201159
2115284,5475992
701479,308609
163332,1129728
2420224,403168
2437511,5449649
602231,4656440
56773,1693112
1136599,194068
2030732,3125339
787374,3164277
2204609,5836603
1894243,4285425
684417,1428344
1986198,5051306
1889881,4855670
19376,1016717
704097,4506491
2050914,885559
1989543,5596755
2195593,2610126
1329552,3331981
2195596,5679475
660943,934316
2061535,3918018
2650357,6924876
2308102,6924890
2614863,6213999
1920355,2084550
1253097,3308229
1173953,3939273
697384,4471864
1037465,294289
1195610,2052524
1210607,3942095
1964736,926464
903943,3670251
1218206,847938
476492,3782324
662233,1170116
667461,5197744
562010,1419000
954082,434179
802203,3595300
1121748,3887816
166478,2707411
1589457,1410704
917250,1784082
2248190,1005204
225899,2368567
437090,4557239
1119463,4897210
1933148,1171526
1317814,3208093
1223165,5786727
2138399,5159958
1444938,4225509
1712102,2958030
864409,3711191
616530,3454997
147499,3199038
808042,1897200
1646899,4481096
1599283,899679
1135628,5766939
1435350,5027380
1532979,2320529
2169761,5714130
908459,5529628
364317,3023578
1767553,1809503
244682,1863531
1058352,249090
1463802,2308056
417505,4246668
899217,4353751
1060868,2195808
2747553,7179065
2747589,3495747
2188350,5915194
1249979,1889804
2747625,6827718
2189071,267547
1893978,806215
187582,2728700
1090223,3857779
32681,934228
2608305,6829337
2785565,6051724
2595352,5831097
2785597,3809007
1241351,2520262
1271013,1009584
115287,4830387
517918,3478649
131128,4355161
2039964,4590805
241280,5090676
667961,1895334
1290179,4770099
1615120,2978640
1629779,1063192
913044,4593348
1989310,1892042
1358785,4354639
1281706,4048889
626592,4567993
2197799,698149
1625141,2664017
2058830,4358402
1255564,5979227
253870,2683655
1306520,4075502
1210922,885985
947563,4858828
2052518,2456061
1085025,3853253
1557928,4196971
1036702,1593254
752531,745142
1043745,5784684
904213,371191
2009906,4036351
809894,4072311
1414516,4194065
532683,505674
1152518,1515929
1751300,1934113
1256592,653330
1017397,902509
913942,1963420
1325852,6055421
567656,1469651
2209516,116528
2064059,5133357
165947,4288351
317025,3010647
1059626,1972640
1438148,4218728
677917,2234965
1808668,5981740
1856833,4798706
467801,2014939
1035472,3806510
533520,764639
1997817,2635806
1111622,857020
880895,1898737
1931855,331587
2231758,4890457
323974,1163205
403813,199908
671204,3686193
1504190,1169122
1747363,5815666
100788,5719881
1590076,4357246
701180,1465756
1175850,3941296
1201182,1197596
774927,2282996
715259,3161375
2270703,4358103
1846875,5083845
664217,3652716
2060154,4582677
1591250,651423
805380,2816351
1899562,4051255
1888156,4095080
1523246,4255671
410537,4633418
1368846,675589
1423189,1179867
1850802,1922582
1490896,4720588
2077156,152215
1899540,4873210
1437685,5713563
948949,1488542
2810932,7304297
1807344,3651869
2810937,7303719
2810938,6889173
2096148,4407089
1691684,5788882
732377,2639215
1925224,6955882
966417,3588348
394684,3223756
2182827,4254364
1472415,1220781
762101,3844988
1889552,4456767
1714202,2007373
26980,1064616
895929,1435475
2320567,3732019
2032798,525236
799188,1143448
2021548,1325643
1412481,1405075
635098,1049504
1635135,1301271
1577419,5243450
1718896,1868886
1712184,2533933
950103,3236954
1134660,3900341
353100,2807534
345689,475694
581434,3157651
1605864,5907880
1740448,2853404
242227,3594142
1487483,4759867
1805910,2265117
1714744,3611044
2207317,3542007
1560153,4369512
141344,2634686
1672378,5422784
375337,4458129
932402,1399766
1102929,830375
949412,3682333
1719422,5640293
2256998,3742092
1354922,5158524
1848356,2382075
175296,1085181
905237,183594
1713223,4129439
2074818,3853959
1103207,3868878
796202,1905066
1280042,1145725
1259132,1973653
950834,1889157
1201694,1127851
1991777,2637159
1975603,2343652
1948406,4955675
1902319,5436955
149807,126826
868970,4892367
392222,1338554
133096,2607151
1650882,3947471
1520555,580303
1003883,1901306
1163094,1326136
765778,222891
604626,5793507
1939047,3893787
946744,3709694
913951,5187791
2152242,1970149
1758670,1191015
618368,4124927
1082027,3851085
1401742,3260673
899814,424853
292658,1516285
1032060,4247430
2022809,2793487
296773,5254193
932623,1728948
1349514,3125965
181793,2403982
2230623,5131358
1645781,3808615
651549,4329533
1265717,3606122
1091410,5216179
2107747,5521865
1239707,4006968
1416225,1783697
1447599,698959
1510848,3088064
1559180,649874
686959,5632835
1217946,1014730
432783,3270063
1403273,4181704
1804976,3146672
1028907,4780838
2085111,5286126
976513,4389589
2151699,5634871
1686837,3837046
1469511,2660053
746644,561720
649736,3475968
1507053,962706
62158,4711043
1979610,1716729
724755,99530
170832,2714354
151532,5001957
265434,4717499
539946,2736521
2186416,1904247
1822915,1203016
278163,675772
1933252,4815088
2269698,6040657
1441464,2429633
343607,3127413
1035515,5111929
1417436,3861384
1374522,4050978
1929160,2413943
804720,4185345
1365985,844335
1706740,3946400
585045,1415612
2171005,5719348
1234403,1467471
952604,1888150
2194622,1774661
1620957,5196827
512935,3359065
850933,4274532
1915801,2464451
952860,5422073
1992683,5071101
257192,840383
1012871,2446413
113687,2552152
1046006,3816947
626148,1483725
1992193,5070351
955629,3719559
1151469,2430675
2020544,3167143
1520343,2572493
1471456,3773177
973011,3736133
600357,219548
484539,2798425
725728,4686988
1495383,1218674
1770108,5665247
2218503,395419
504958,2925548
629189,3455651
1049902,2087999
1161199,4951133
1002927,1094174
1102063,665291
2210425,1338060
965073,4910310
254244,1081941
410740,2425413
1351668,4246504
1478518,4262630
1253434,1202580
1963521,4990950
166059,6029291
1042418,4982839
1305665,1201921
1924722,1457441
920981,3686847
30171,1469245
507403,845824
2251016,4828880
2216290,466678
1148155,1786292
524973,5181731
2041122,5199734
1783723,4206335
371350,5159364
574887,4497541
1039763,867398
1776345,4666878
272869,827261
1546586,1544262
785699,4503773
1618165,5033792
677846,2484590
1916449,1224039
1203156,5330990
320284,427899
454820,3606554
575961,3625435
595391,3427559
1961492,3494397
2315425,6162294
1640176,2123038
419127,4378382
1612199,4733803
563378,4575371
1050651,3531320
648473,4037379
362528,817556
557164,4277916
990785,2160547
356911,3164306
1088544,921641
1218224,3189632
1741501,1207486
1027705,3798039
125358,3440861
1201788,5866252
596414,2053171
2027307,5162475
1239749,484364
1891877,1971515
1993868,5073857
417470,4690861
320311,2945665
1033286,5914997
179211,5496178
237560,1801214
1129259,4150878
2198344,5703995
1473316,784447
1798009,3290460
395447,3042781
658522,1200881
1787330,2196300
1175407,3947904
1042995,3614725
711322,4210825
1086582,2937702
2170397,5716873
791935,1884415
884891,4041485
1295136,3574850
1030906,530831
2207519,5847541
2207532,2228217
1935228,4931722
2028868,5167809
1110816,1162055
690117,434341
1219981,4704891
1599062,5315674
33233,3599705
1025682,4496478
1807417,4434666
2072417,5303989
2103306,5421832
427109,1894449
649080,3320174
955680,4902912
884443,4001447
1268088,4035791
269202,2961579
2204462,2575302
1664474,5659939
1057295,1479079
1076901,4186707
1150318,1018575
1102553,2866989
421306,2094554
1582249,301641
1407983,4185310
896337,152778
850866,4414215
1204892,1852144
334056,226233
1040565,3812195
191077,6007554
956034,2559216
815906,4231912
2334546,192335
1776490,1290025
878973,2430950
146239,496547
2188625,2867252
2051167,638422
962453,5392152
1033023,1892357
1306746,2259676
905100,1890334
916771,3929272
467718,2932487
1988495,4473832
602313,3603095
2115680,3289140
1010241,1411915
1036360,3853862
1913146,1223189
871026,4056178
2082477,746123
1678470,4460409
1857382,4572549
220300,1922052
1434632,2274747
2166986,5703630
1415436,2494602
905270,679735
1554478,5081800
1613502,4440188
1544285,4337733
1007911,4344856
1073760,1011261
575381,4095460
620225,1965813
174137,1007141
1712187,2647654
1632084,4781563
598095,3408896
445725,3699285
721567,851652
406427,5380087
1612367,5984564
941725,5814449
638,1147987
1295376,1489120
948220,3459475
1932946,2305161
335898,1874562
957317,4863988
1583809,7142387
2700154,295466
1167629,1462816
1826200,7142405
1667608,3511933
2312650,6238768
1462833,4207353
327401,4327117
2234765,896284
1675398,1049059
2220908,2595383
753537,3840440
2234797,3364871
169270,2598892
399420,1923870
1666237,4983993
2215868,1913164
1960539,364706
1106741,1180091
1210653,3979169
1304913,4073063
1181028,4212829
1048981,4860306
1287820,4850099
1155530,2540339
2012826,4637083
2282596,4463713
1621861,6048789
1933424,672334
485069,5135201
255586,2666417
205158,850662
1143446,3881081
1040035,3141562
666527,619805
429290,1627133
1157501,1420508
1248565,2373117
6043880,6506406
2492943,5939362
1691653,3253757
2178392,282320
912552,6014398
1129583,1717664
568563,122701
2249110,1248566
2205686,1489158
1135680,6811799
2598039,4401028
2598045,6811807
2490781,4380195
2598067,1059247
2734,591835
453670,3115707
1950453,3251991
1951798,4963581
1755526,4620276
1050142,573432
840348,1210475
385987,1205834
220569,4810793
1707837,4421293
257814,4271862
1136943,4421630
794749,3590218
606828,3973256
700041,1939756
1771325,2908249
1362789,4413711
1007964,609104
654547,4206414
602645,5229520
854112,1001881
841988,1398957
2728261,6662601
2735829,6956208
2398537,6701658
2735834,7154034
813463,5268331
2735842,4894312
2480475,7154046
929006,7136888
1304916,1314814
1060930,3305935
1413118,1030347
881793,2229293
481698,1482822
1424784,4180014
1650296,3581382
1713315,598238
1925631,4915443
345715,5748682
901170,1926092
2285053,2428387
913713,1920904
2285067,4267891
2285072,5903096
123200,2589721
2139867,5584667
785206,3207392
270156,2956925
505312,1441291
1508106,1178898
617341,1966155
1435387,3736916
2304371,1830122
1374354,5958171
823854,4479747
1503913,2400335
1290832,351346
303076,2448198
452289,3290534
1786264,2429603
1836113,1509678
1775248,4613539
566492,1087511
989950,1003271
1738634,2226089
1055942,820511
2039146,5194561
2090760,1928111
470709,1062734
519324,4532537
959821,5691663
1562494,548616
687563,597492
322225,2309172
2138330,5245028
1040070,1184423
2106435,5433480
1117020,1067473
1056752,4095659
2136597,2997913
1807294,1380001
1169252,2293783
1587151,4151985
126214,2083897
566657,1934385
1603718,1970217
942050,1697697
1008699,5733471
1145198,971151
2098761,787498
1796834,4688069
1122123,126237
960274,3723465
1268180,1778736
1470385,3006402
1272002,2996957
815359,4720502
606496,853975
793020,964164
962040,1852464
1189077,3956378
390684,2374323
1199895,1182611
2010589,4833718
211556,371355
760147,5962294
182093,361894
635560,1520403
920385,219995
1034764,825683
2256013,6010880
490875,365230
1078853,871688
908739,4545412
162275,2699331
1808273,4709819
126167,2226474
1568362,986660
238879,1354024
2317070,6165671
2318111,278736
2318117,3038771
1450212,4862185
761378,3560387
1762730,4486262
1478832,101428
2170853,3974569
1017477,3580124
1051843,5403595
636597,1957784
1949171,3338147
1167144,1889490
2280756,4964096
2071114,909060
437368,1171455
2269160,5874976
2080818,2905829
1780902,4659801
965438,3590162
390942,999877
952787,5437008
878382,4571149
2202792,4470770
2182387,5759501
1895031,4473210
1771546,3652347
196438,4345752
620539,4061223
997052,2231668
582385,5821003
186140,5374492
1430741,4459203
1453826,919501
1154638,3919207
1847359,5262674
418956,4429170
1472307,4256367
50514,4653543
1474872,4259058
1248222,2867370
1696984,6055678
1755192,1209921
428678,4170635
1851479,795892
528974,2581200
1120229,302966
1910876,1203794
659266,2505047
857342,1089010
667543,2015713
1322714,3842563
2030083,5259527
1258258,4378668
1846575,1888019
736543,4714969
226913,3707406
1250390,4693929
128124,1058304
1166373,3892033
1147999,4613566
210842,5284283
1284445,5809381
1097814,2915906
1974310,3878554
499432,4566953
1272183,683123
2167095,4482182
580892,1086240
2036211,3587692
116131,4895774
2242426,632984
171358,2417024
628221,1151075
2242442,3956284
501490,1903557
1359271,2515159
1890718,278348
826633,4128494
566754,4708169
614282,3442358
1232287,1183745
1437710,1150667
632364,1165483
209368,2824395
869439,5168431
2648406,6920189
2120399,3692873
1178774,303468
1084372,5348976
699748,2766367
316934,4183761
2122591,845113
1489096,3997474
47594,3982174
2719412,5782571
2775064,2257338
2775081,2665592
2775095,7228801
864673,1399956
1854586,2723337
998210,1082804
646158,492188
1465147,4245512
2167197,3387109
1253124,4214908
1183417,2567646
258315,2535779
1147163,660741
1726469,475517
1294779,2618882
689258,1799669
571154,1537790
1636351,850590
1143848,3909254
519026,3179674
1643126,1212259
1472874,3827269
521672,1013094
1406810,2327852
1607096,3418864
180252,4148592
725212,3534604
1145911,2963274
843481,3618944
963316,5191671
1167756,1067970
305890,232535
336192,406865
3250,1123726
451623,1146919
477525,2087332
1609190,3929089
1869191,3994880
1765740,1169591
1274780,4043783
929497,5506715
237349,1041589
1120995,595252
527912,3317812
2174166,5516815
1042867,2638077
1437229,878268
188969,1651418
1838026,5789356
898229,2406334
1983934,2958254
123265,2590318
1771121,1895138
381592,6523925
1826068,4796561
227681,3974593
1467187,4250382
1219322,4703505
1242205,2657181
2132804,5986593
2244430,1895088
1182038,3949867
376542,985982
1259804,4254403
262410,2308423
442830,1922662
571529,1478807
1218646,3987135
984404,711721
929937,4614697
1025120,5619658
1656383,3414087
138639,2622623
2040199,3496143
297049,1919811
1937168,249553
2203814,2495128
1954407,6530416
1596057,3795030
1061301,3137297
1963880,4216346
2351255,6111091
2351257,4547599
2351264,3054589
2351278,6257756
2351289,4249555
2156801,4714548
836757,4199803
596010,1243918
1368337,2265234
224560,1905122
1271999,796767
519726,3364887
1577554,5263393
554019,4666037
2193813,327612
939477,1036850
2112672,3876189
1537716,2832059
1490623,4735322
1544646,294131
1391117,2553587
1548726,4571787
677716,4741172
1223161,2428405
301250,2529289
744107,2259450
2207977,3996459
1456354,5682493
421383,4834567
1108777,612903
1512228,1896897
567837,3404056
977210,3740301
2404655,4923293
1752604,361584
619973,3321644
1937166,4889450
1941759,4947099
342536,5083164
756703,3485852
1160045,3030497
719514,4384727
42499,1205295
2074890,542341
142807,2212167
1252891,432536
245060,4007949
407201,5023728
1145796,2334184
2427136,5955520
2427145,4649340
711369,3546225
284493,4067232
1320359,151018
1719098,4573298
434431,886417
565360,2764228
352150,5782546
1996607,4686831
1790431,4677064
1152698,891370
1086604,1581522
1304855,1751739
1370561,4462853
954530,3636654
1730386,4586984
1966178,6292836
266190,1807593
1961212,4984579
457334,3218947
1980787,4877749
1010846,3723810
1457039,696298
543306,4610459
1425987,4330507
632388,3458270
2046920,3965006
538566,688764
1120212,370538
758962,1444530
1754113,4618153
555679,4532180
638132,1398873
1242318,2264755
457786,3297171
758372,4577005
2142623,4037168
1898037,609344
348061,269676
256106,1963795
2086282,5530918
926380,3388866
1119478,921305
931915,3441052
483179,3001684
1093702,5304709
560809,2643572
217783,1398093
2036039,5187030
1865439,4265748
1299728,2313445
1181746,249411
1554364,5585354
2150527,5629023
1161187,3926715
2186417,4777480
1717855,4403881
1085884,5851737
176496,2612430
2070663,4474114
311637,816918
1366454,5597251
1783820,4651021
1716095,4568885
489551,2363107
1622862,4452526
860799,3632201
177711,4204756
1502786,6184005
522362,4488243
1737598,6627300
1065521,872079
2508401,6104059
139559,3581757
2184794,5770748
899393,2220150
420426,5438522
574100,455396
2257506,411512
2063657,2808789
154949,4567555
1098026,3900920
1276273,1140931
1186375,2325943
1971970,3670287
488891,1901907
2762919,7207976
2761342,7205524
2364066,2018719
713670,6132271
1270070,1725355
1115997,4125645
1563610,956156
988175,4605984
1010217,3307626
1949402,4959736
1357955,2730716
1350455,1849534
2606445,6825815
329131,6825827
2606495,3546488
421201,3937765
769457,182720
1971416,839899
1929057,4029789
653145,1580915
976663,2838944
1121113,5128136
1643863,4819077
1038400,3810520
150531,2921854
925916,4435999
1592146,4414836
1216080,687589
2717628,7107868
449187,7100380
2717653,2941533
221093,7107884
2334083,1075133
2334084,542686
2334086,216301
2120944,1888233
1274527,2869951
2101268,3311116
1077010,1465059
2112337,596769
754725,1955423
1049394,1006279
1597615,2320843
1132271,3973769
1093558,1926565
647203,2864857
144983,652298
1791756,4859441
1639347,4471854
2214314,888893
776413,3574166
1219204,4141562
2147610,345956
320230,142536
363948,5364556
2128963,5363111
489563,1183590
1082378,3851389
1657442,4493852
790585,5182488
2223165,5909590
2576,3867057
2110811,5451569
543793,1797953
1534726,1757017
1750947,6827408
2607423,5142196
293954,6827420
2607434,2784361
2186568,1275230
169670,1078814
1554245,4508056
1631121,4633459
1174493,4182518
924215,2613213
1051417,1200528
2797473,5063756
599782,3066248
2797481,7279050
901284,867645
630566,2730864
628710,797173
1056480,4501837
1934966,4931380
849436,3818118
1374014,2695003
2180302,5440066
1214677,371171
570958,5704012
456377,870949
1939315,3983796
196296,1123682
2428805,6465011
267335,3629251
2277200,4880048
842832,3890005
2156945,6514205
564691,4784635
1315609,4011751
1854803,1881722
2267780,2896974
2458342,6046239
1658409,6507286
792899,3588237
1579279,4396398
860829,5753350
1143499,4588889
600805,2535024
2202037,4617767
529905,3596155
135346,2612354
1005758,3774017
1789301,3547171
794998,238401
561804,3640351
604277,4384499
1647452,895801
214884,1216878
307840,5794271
2367676,4386375
674387,606519
2367695,3392774
1244094,251599
2118753,636001
2129417,997759
2183803,5765368
2545425,3497620
1091419,6700330
801383,1150343
2529905,6670404
2529922,3908726
980828,744457
1881152,323777
1252496,4825135
1641152,2733977
275689,3753530
1293718,4179869
748017,129400
340524,5946783
338839,3477667
1108212,2880357
1355692,1403012
888614,3704845
155864,659907
1880556,4153099
689220,5686623
2118572,936002
403299,3264662
1671764,3507474
1601189,1125236
556213,3395580
752022,1412627
549268,603427
301216,1890688
2110389,5759143
1460006,2882319
1872673,4447543
1576921,1908806
814359,2392143
1664334,4501770
815885,5133204
2291989,5834005
982460,2593176
566385,2755744
934947,5702227
1958404,4978127
438555,3836539
2088238,5369612
961209,3288842
1525187,3422756
2184322,1910598
1532414,640536
2124157,5363533
387536,2576832
1183420,3026330
1699043,2840571
449595,4803669
1339371,2811964
921064,4851744
1211623,3980062
189298,1420661
663228,349193
2119667,437787
7974,4996309
540148,1923475
1438384,5517929
2160515,2213530
2160535,5674226
1081646,2667819
334399,2738795
325507,425290
2103944,2073782
1235862,2067052
872749,2487768
1486653,5703635
2167789,2041826
1717001,4871528
1113890,5201160
1623064,4228662
2635672,3764427
1478820,1180581
1897898,3510467
1706228,6095813
371447,2229376
1180340,4678060
1317265,4085892
2258578,1126891
554166,1151556
1099561,833390
876508,4156130
1447387,4547277
247051,4003127
1291724,1462069
354539,3164273
303287,3038963
393175,951786
1068592,3837215
1976615,286704
2190362,137893
1579023,2799473
1939794,4788894
426122,3245395
1129179,646913
171740,835952
1826738,2088329
127812,703259
1898711,4174729
10403,4006683
189853,1420825
973611,3736850
1598694,4624709
1273607,4640936
300892,1146256
560751,1396666
470728,1878109
923134,3688262
1175593,2299921
779314,4262664
1278180,540152
1755634,1351729
351684,4456027
678733,2299863
1932660,1925765
1251893,3438796
1115694,3680773
674015,3495551
356858,3426487
478751,5015890
366900,2721600
2170609,2260013
793531,4020680
357525,2459359
1524429,1990624
1243741,3306916
1128298,4057621
2254579,6008242
603887,5932906
1169910,3818532
126055,1146731
1295584,1444405
975319,748495
562699,3400199
415961,2772353
2178570,3271992
2085275,3343832
1594945,776961
1179946,6093662
1139936,3785752
1103818,1858606
1927445,2607357
1822909,298894
738201,6014422
1041830,3793636
1852890,3764721
1356407,3187824
1160220,4112922
572348,4595808
1502942,4572647
400459,4544622
1569240,4382878
482318,586198
675984,1902086
1250301,3421371
1658411,980106
2057286,5248883
1826865,3848581
2735384,7152556
2278850,575750
2512746,7152562
357579,991815
1369901,4534229
1261925,4029296
1076377,874678
1220677,5406079
1690957,4538002
938805,3702555
2019599,2312736
384189,2381584
2070367,5295241
1050184,2290453
2017882,648818
1066553,2360123
577220,247618
1496916,1099784
2271503,760465
1056374,1747241
233540,4663813
134950,2393546
115470,5292541
352859,4424841
776088,1459971
1457806,1410778
2195850,5837554
2067345,312102
1096848,3724541
589137,4313212
1524391,5221587
2017755,1895551
422468,4418948
1810623,1480893
1189328,2421435
226188,3776769
537536,439567
2316773,3394368
1056216,2663432
276760,4537409
2076391,5735923
495376,2362066
1331877,3029889
927382,4882741
412736,3108250
603345,4102261
2110945,5452080
363354,1973071
1051425,2237599
1410254,4187466
445135,2261101
2090208,5846754
2479544,6185287
1889254,4777656
1264571,2563102
779976,1486856
418051,3364761
1041696,3813302
796265,581790
1944205,1889127
2077006,5322191
2200391,2064701
2422556,6456103
2216537,5674187
1070846,3840501
1517426,3052283
1644053,1807933
933629,3698155
650767,2218325
2135525,5568889
1371796,1890219
1658009,5454224
2104721,1840912
1332678,136555
2200175,4760935
1200256,4052118
550252,5949401
1628674,3595777
680340,6069497
1562048,1201772
802525,3595529
497363,617996
1702097,4426251
209831,4689983
907020,3673409
197924,4128139
537465,1478701
1662433,3553364
685174,2871360
1280472,4047593
1994461,425511
821487,2474193
1804991,5794585
202307,2043596
1924534,5739732
2009506,2213790
1848944,4784384
695240,5956220
978803,5642490
328381,2685352
621114,3448986
843234,5715241
2273557,4603940
2200929,6051375
1375944,4150612
978942,3729745
1023071,3232007
1867542,4817524
2119604,1342133
1067669,1161313
2370166,4810131
2361350,6335012
697989,3512625
2370200,4098092
664303,2160551
2259034,2336629
1449494,5519183
654857,4668359
515881,3361778
630143,1163755
904977,3804651
1100551,4541407
309946,3064622
593526,304594
411928,3695603
1568718,6535299
335404,4579971
227812,3675946
1301422,1823637
1103069,844301
1447759,4289822
191795,4299984
37647,3769397
429278,2369664
1223315,4580172
694288,3360948
2150007,5249484
1982160,2838897
1263090,4030563
1778990,2120200
2036811,4014419
939018,3504761
2281286,1143669
338402,690591
1115814,3823891
1038102,3810269
237182,2680008
526407,2281687
1566167,4379367
736816,3543108
2141435,5159056
566436,4870050
1849688,2503326
1455811,5158711
1338404,2785253
786188,3581749
1151717,1438073
1316139,2359529
1976053,4565287
794144,4015168
1497828,5822783
486364,5822788
1585789,4000879
461430,758795
1018754,3478950
1116732,425633
575109,3160553
1411266,2104725
1247953,4642365
1627894,4541228
595233,2336419
1724642,4460767
2039814,1812129
2073424,3741214
1218443,4047252
545427,407199
1710129,1730500
2514018,6642581
2798841,5646909
2822074,1341461
904613,1475114
2822093,622137
112404,3492396
481361,138720
2728426,5711961
1574003,4796811
2751525,7060769
234254,5932898
385215,238415
1298798,1400673
324877,5611273
2765586,7211894
2325554,7211903
679527,2453747
1599678,4566086
1248642,1048752
1064644,1244605
267820,947005
2199163,2404519
1047708,1878293
1169768,2924905
1728914,5748753
2312484,6154165
1294050,6154166
1417812,1991621
122732,2623962
1016398,3755452
548746,648486
420453,788219
1159459,166343
1811781,3958512
408068,1696036
2179919,5715296
1575986,4526004
825391,3752154
966834,864066
1222153,2631688
2195175,5519173
486114,1147093
149241,1127276
2424797,4751262
2238371,5566262
330448,4634267
1219693,3988413
917834,5307424
564920,1178620
917959,886413
2186700,1333068
1121338,5649755
692249,5193421
839543,4590744
2139872,1768334
1285463,5736637
823067,4356255
925249,1195373
269453,4518199
1120538,5850700
1094092,4924921
1985479,1035997
113347,872393
1371174,3291182
328022,3282022
643036,876439
748311,570416
339632,5267853
854108,4597437
879308,332420
1520588,3290425
243854,4253524
296658,2357427
721552,5965185
859459,5746138
1791842,1268749
2163463,5469492
1666296,5330495
1667764,3822841
2012792,3817487
1647553,1216840
1410342,3580095
964715,3231849
188844,5882065
1723050,4578158
2279006,487903
259689,3912266
658708,4456783
667234,3885161
2132923,1204828
1763812,2903649
768010,2910880
808089,4797146
1748308,1225119
2251823,660755
1575796,3509097
906677,1478525
613945,3442108
2193551,844054
2193564,4662989
828350,1194582
1484002,4268208
696837,2432141
1104718,3451324
1120324,4407112
371485,843568
1494647,4183162
1112388,3771606
2183275,1904459
1634364,4191862
30956,3353223
2102417,5221477
1980937,932360
552591,4517041
787922,3582974
1156407,4332808
647005,2020014
189507,1190166
228254,2320830
772296,4125536
1601526,697849
467906,671173
1959029,1368633
106961,4117717
1495856,3846455
2030026,283479
861173,2430834
1141829,5837571
2172363,5286850
1921089,2028892
849856,554090
816025,3606244
2172367,5505770
668039,2099460
946934,1353953
1042146,4145774
1693677,211670
154601,2393879
1102876,4197722
2418915,6451169
1408895,191392
1586268,1534242
926641,3746377
763794,1179976
1731148,3979269
1855037,4795565
606146,1155949
576605,1066656
2403824,5046474
2403830,1809617
1091279,3908136
2114432,5414030
1012527,468577
1697771,1939800
1813816,4661289
2189643,5788103
121848,2263607
1844959,4776732
1753198,4617228
1009806,4958245
1066388,5546806
440339,1151809
167187,5852703
1324499,825705
1260059,5860306
2211173,1824742
2066506,596547
559618,176271
2119309,5497428
1704086,1897441
2177840,4001539
1504639,1865700
837327,5062445
1549855,503407
1112978,6058510
1047731,4862120
2101582,4682196
1330292,5694574
2147465,5246839
1413777,5878951
941170,2104785
2103144,4565839
1789460,847633
1942518,1812771
1574927,410268
240386,2754931
509555,1240553
849930,1043020
2674472,1536932
490803,270438
2674500,3652193
1740771,2714287
154932,5246819
2074103,5311069
270749,4580632
1474989,544547
486019,1777788
2526212,5736908
2526228,6663649
588309,1957317
1060436,2339004
973963,972709
1952237,217512
658057,2104773
986464,4259875
140272,5569188
1631938,813229
1836374,4664777
626407,1188719
1094084,3014608
892602,4266135
1191090,3759225
669791,3658883
1973217,2795762
1346660,3804532
898480,1182851
1812337,4308150
2052713,3766089
821337,768397
520258,3366561
1751991,4615475
1702249,1421403
988432,3867238
1702936,4553277
2188530,127722
1980469,1412715
1500964,4286838
285511,1421170
885489,6171821
2320037,1010606
545645,4549997
987639,838548
987805,3772971
1980343,883873
1485802,3715436
1200826,1171261
2159749,4012132
1860087,4805092
992584,451121
1666392,3005309
2043981,1795548
560442,4503099
598752,3637654
1203842,4822089
990364,2840565
2046601,5217608
1422735,3891178
1916981,5738865
1620746,2451403
683558,1940064
1547058,1720506
1106931,511034
1233140,1967372
454665,2455997
1340140,2443044
752702,3882143
51687,2480199
1061061,3830869
525675,1696659
214534,6041351
2096158,5396423
546981,3775247
218305,4320285
577575,2402161
1770448,3844530
1283089,4050180
184159,1343308
1194999,195375
411240,4277932
1764752,1807875
665772,3490341
149609,4355448
2093647,2399058
808073,2065892
1821225,4568726
1669328,3048211
1588450,3781893
982207,3172109
1653594,5748678
2221751,1413950
1789096,934037
610922,3859854
2235933,2305610
2235936,169426
1400236,4421138
2164633,5459241
975590,2836265
1304114,4072286
2198437,2429036
318699,3543113
989163,3272426
1251069,5830453
1440969,4447932
274249,830497
1649172,4339956
2821288,7324022
2821298,4426985
2821300,1204836
2821302,6539574
657891,7324037
2821314,4607396
2821317,7324038
2821325,7308040
2821330,7324044
2821333,7324042
1588726,656127
1282746,1929645
928359,477800
1400409,4177542
1084648,3390907
1790531,5024175
239968,2896607
2193001,1012589
1229808,3170800
1806692,4707151
665061,1877285
2116868,5483405
939957,865000
1160551,928903
2174853,5730906
724487,2322467
1638260,2952568
702255,3516315
2784871,5059113
2784866,1272078
2782439,2756083
1365698,872741
2147254,5910543
314502,2158498
2127299,1813986
636888,3461919
337221,5306525
1996829,4349036
822167,1554315
1710684,5456909
1451362,575197
1269337,5447339
121330,3690212
1236996,2056557
1264393,4032382
139606,4943427
2006008,1343259
1013221,2581198
619421,2565714
746265,1220088
1015806,3361540
360413,4638751
830072,5947269
1027983,4191051
2294934,2307684
2719149,4649338
1175147,7113406
1569625,4158602
1400761,3093829
1216110,5843944
1044832,5903706
1148195,4560356
1550218,4345745
1002247,1896029
967281,1148185
156573,1186417
1107641,2940956
1937078,1860896
379796,1000734
1595948,1398831
1223437,4064056
378579,2455552
1195925,5116339
586026,2853948
1592841,4217003
1230224,3998996
361131,4777009
2178735,674245
1541257,1890358
523630,1477323
216520,2843746
2596250,1307345
555545,586434
1842955,6808639
1256770,5871384
943778,150700
856272,2950032
2710040,7192388
2721946,7120884
2367355,3146666
1279453,3862894
6103008,4554417
1575529,1191304
927422,609608
2067670,5062553
1137214,521914
2724711,671525
2200415,631039
2724724,669805
2724730,664762
451707,2582684
774443,595656
784459,2863120
997255,3415505
2254819,1584900
820011,2921080
1651480,4486478
2034439,5183561
1203836,5597876
559502,1053050
1991309,5487422
2196882,5810775
386519,5199320
479252,4278145
1052738,1859993
2766481,3797414
2766484,7213949
2766489,7213952
2766493,7213957
366203,781384
2766500,2354623
1261512,1398666
939506,5727793
367254,5993086
466045,4212275
992983,4554976
767841,1845695
1114596,2322414
727690,3536216
1074533,3741512
172679,2345021
150413,2664024
1915162,651142
1022779,6034106
1836039,3168726
970387,3858934
1461022,4243978
451883,2038098
685743,4916776
224474,2793185
251003,1964761
751884,501735
564431,4192975
2247536,4871534
993835,3760133
993877,812632
2307310,6138937
2307317,5814703
1677100,4519159
1185382,861885
1835318,596314
1076541,3861120
1023148,2022440
1676239,5449973
990386,2785209
710933,5315795
964869,3497031
965961,2371706
581825,2867980
120641,2638324
680343,4297452
1175472,816228
1762286,4586913
1070434,685524
1271344,3312511
1714568,4567259
1258213,4023978
373707,3583937
147994,2646585
1144627,3910243
966098,5162519
157415,1346905
1249238,4016296
1025315,1230813
1373545,2326976
2164123,5692192
1838038,4761812
1440892,1888816
1941086,613168
2193274,970413
1559525,3157285
1298837,4066242
1808450,4300217
751825,152620
178295,598739
419797,4706947
1260531,4504496
1889138,1466078
2175500,5732777
1016787,3669493
1909900,1019454
985772,3744006
1033014,1792663
508540,5118567
2643482,2897449
1032219,3878226
2643515,6907110
1516071,512205
444078,4667754
202524,3993012
1467320,3096789
1881391,3819077
645491,1457380
647622,143064
1468565,1242719
6476,1168804
2112462,4022265
1957658,4974228
198645,964658
318686,2028449
411210,286879
129673,2882003
1443472,2948616
437920,4232806
152951,4553289
1322983,6065168
2222995,1948970
282076,484679
194276,5705023
2223026,4299054
154385,2674228
1152648,3916827
1657693,3636879
765657,593716
2207173,1047668
567879,1513400
420514,2873646
1362750,2110746
1038462,598194
1585564,3016179
943453,4539302
797745,3199944
270085,373512
958616,2278361
160923,3593735
228510,895873
2071716,180906
652660,1462240
805220,4778235
901260,4366236
1445401,5081531
937020,4327983
1008381,3659197
604756,3373937
1035034,2388460
997895,2583372
528896,808004
1062168,2365878
2223727,5913899
1891978,611078
626028,4656912
10356,3618346
1709419,4933534
243239,2904392
927102,6707930
1998860,4559417
1084278,4728080
1763049,538124
452050,2346989
2232823,3194854
1290512,2496970
940149,5343294
468726,2838420
1021054,1837993
1563373,4173001
459748,4399709
482649,3329047
1800126,4694949
2190235,1362688
1233184,4246157
1196965,4311673
318286,1196477
1663683,4494170
490644,5749790
1469482,6914221
2668004,6962646
2130762,5550272
1206586,3210280
829855,2896083
481066,3835290
316696,1207205
1426816,128235
298230,529405
717962,4354268
694300,4890850
1014649,666172
1223076,5019337
1690669,4756249
635015,4426951
2193721,5114206
202417,5676472
1376161,4561056
584835,5531561
1696988,3715134
2184301,1514488
2048075,2668608
2112751,527595
2184303,1720309
1986982,1203638
2235030,1265405
2239300,964226
1540454,3437477
1040881,5248199
1987558,4968543
1691622,4538626
1474174,823585
392367,2295192
1360479,927456
918746,3880934
463171,3627919
788101,1882020
350334,357193
681710,831073
1947937,5628374
874632,150618
1644113,306537
1219161,3940355
765702,1936425
703937,5338237
2230897,5032997
873153,5681519
2014966,5381670
2448075,2425836
2448088,932009
2088355,1356742
379218,151233
2182262,5758893
834279,2797572
181925,157821
926920,886375
2196084,3945712
380978,3207799
1569231,1842060
2133275,3694399
1390686,505977
959254,2824072
754729,4283372
587971,4235240
1843337,4222700
1903050,4547830
525751,2912451
2328295,4492905
2328308,2221923
2058617,4621508
385250,3210398
2359843,7155864
1924600,6052454
1124626,3149422
129910,5867722
1091094,4311192
1801820,3486194
1835242,4353228
1612417,3044649
1750150,4026437
2560628,6727142
2560652,4421549
2560656,814977
994029,678668
1750405,4379066
365223,3177913
734583,3901017
2166019,5700394
174309,1697144
834579,3620724
1804750,4676786
605527,3435402
1001575,2968430
534631,2282207
858564,4453708
1001993,6709747
1001427,3770084
770445,3569414
1463118,1006148
1664240,414914
1004659,939588
673149,1866868
2819913,7139234
2548327,6705348
2026704,7322028
2684327,5075345
2819936,7322030
1201943,7322033
2819937,201900
2819947,5731396
2719368,7322041
1143573,2106825
1145177,5786658
2116432,5480966
985417,2799671
706509,4226940
887965,2223340
602244,3400303
2259144,1606646
1808528,2373660
1522042,1828288
1736840,4332983
1129714,2683250
1528479,4285923
2827267,7336823
2714215,1929412
2827274,7209173
1451798,6827679
2827312,7336851
2827316,1928923
2516496,6646744
2516512,5660514
615484,3244091
1455393,4138811
2414328,6443225
151265,2667841
2459279,5850254
2459286,157173
2459290,814299
2459296,6508591
230612,1360630
2459311,4380125
778905,3530736
220551,3428732
542734,537685
2227495,826571
1003923,3601827
2264731,5235100
2264735,5808921
2264744,520575
2264782,2679531
1771533,5733831
259067,2939697
540802,3696567
2075699,1859989
1608989,3986414
207862,5850636
2124184,1751091
1055958,545458
904440,6025020
747506,4199149
2263158,2975911
2263159,1878815
1931695,6440834
2412524,6440836
1124736,4877849
669773,1855084
1054990,3601582
391648,4698074
370343,5857547
1668883,5735573
2042959,5205191
1051977,3154976
574519,3689428
659439,3484087
1005405,2060008
1782773,3345643
330965,932898
1203783,5976935
1675167,5423805
872204,4087168
1138213,2429721
839859,1334308
2217287,294488
775917,3785519
2222661,5908049
1653815,4489058
569496,2755108
1005861,2911685
2374600,1193939
1396812,2911711
668653,4357840
1992013,5017334
1300806,4154741
1199991,5150655
360795,2040333
1053012,3821821
609387,3521179
1762957,4631114
1042437,4143648
905363,4466558
1178117,1488163
1812650,3992779
344709,4575324
1041994,3944090
1960095,1019412
1069578,3783674
1614301,4318774
136603,1181360
393959,4255321
1325452,4646929
167628,3527375
2001083,1017389
1254024,4020073
926056,4111850
2091543,5436027
622853,2799328
1273624,4040978
1777444,1884435
2188912,5786021
479504,4908113
748173,4195538
612665,1928670
1460849,1922641
761951,3416493
951097,346881
1846521,5805184
2194926,195405
1793269,3502252
51005,3575156
356730,2526148
510088,657374
975872,1907368
808134,5850966
967847,2671234
1263897,4202390
913042,2343096
308975,771356
1438627,4091817
140293,2629372
542635,370085
404375,869167
879400,668706
733819,5053220
141404,3998531
524882,3563085
760292,5794001
950418,3155855
440256,3269857
1475068,607028
451548,4639588
581336,4800131
1118114,4250485
1988451,5057472
2033751,101805
1205495,2446790
1773158,4118103
1847356,1962937
1062239,678349
1589507,5617895
846943,361896
2067891,1370608
1736608,4513261
1358312,3521867
2240294,3854550
1317546,883060
2240346,5974484
851840,4656366
2383588,6014776
1010351,942356
907891,1844863
493146,2083146
2031523,4557425
182150,1426944
868169,2243896
2132044,5555178
513435,418232
2221555,4884559
665583,1902517
1065918,323063
899461,3365506
1794164,1898675
638863,635768
488921,1899229
2307532,1391700
1292472,6056794
1010686,4302837
2490889,4236889
1372364,3918172
2490906,6589524
392741,4540790
1841031,883856
226929,2931749
1026759,3976275
1987753,1953065
1095352,814142
1288820,546327
1235359,5864579
2165615,2842384
2795727,638634
2795730,7276741
2795733,2586565
2111910,3738458
2129431,5544708
1296417,794339
1751314,4635294
1009638,2501882
1052891,4607566
1630751,4462059
1437821,1161838
496662,3029998
2254144,825817
822020,4720497
1011869,1841589
2221329,5904061
129788,2274734
1240757,4007960
613420,3966914
506429,4600653
1378533,4705488
2410850,6438274
2205096,371500
1629607,1922648
629230,5837964
241496,4181575
226921,1495835
1484318,1846270
745418,1948120
1768901,5090693
1425634,1916261
699276,455162
622153,2541269
939550,1226089
449160,3288898
2156674,5655674
2421688,4627228
1011901,2713483
1240187,5826820
1561666,4372227
120192,5182463
551130,1077497
1830136,3045441
1323798,4096490
1734061,4296360
852977,552720
662395,2391526
1996173,3118045
1829199,3412022
914336,4228444
1534727,3024142
1617855,306738
810358,3169907
1679035,4505262
1655923,4729331
1033363,5928720
374852,3194561
1856671,4798293
317810,2735891
1223126,3991689
859014,3639607
383818,3211525
173546,1409739
288414,5070366
452582,5538045
587021,3398247
1289172,4056263
1638982,4404101
2071398,5202347
626235,2631210
1112505,2398881
602458,4656187
1807381,3492411
1234850,1652194
1322206,3470419
1044636,3916194
1006586,3776194
2004924,1982286
790720,3586174
979085,4674985
1770637,2283849
2174488,5901351
1356227,2549964
1063172,5703862
1869948,4823344
1798739,4692331
1382456,4275470
1064265,1123734
1214991,1856911
1219335,4365263
1352026,507357
1015787,1171195
1242178,2362972
217232,1899311
726782,937130
292684,4306452
2306255,6137270
804073,1158281
2306261,1923833
554454,4501098
502231,4174731
1714419,178396
1175181,4142537
1425279,1971393
1536105,4898426
1428163,3110211
775343,5054749
257540,5570096
2119794,5167728
442181,3827810
1184956,4394063
740268,4758941
559197,5207269
648835,1829765
537651,3378897
1143415,961341
1458234,4039977
2117059,764814
308783,593932
1166739,5522660
1008806,2656594
2177325,5738829
1491447,669530
878083,539389
1738620,1932768
353096,3156867
370545,1211791
1977623,4682195
2292484,3700774
911870,3677885
2216126,546238
806843,1958124
576394,1411350
137487,2614697
1188165,1816918
2159156,298707
1629757,1043452
419518,2840304
1627233,3613977
1035620,1703556
2613731,7060278
2699545,7060277
2410538,6437707
2699560,7060295
537929,824058
313340,3074800
1017621,1724351
1413253,685686
166666,1902756
692545,1347802
953505,291493
2135188,4639993
1406339,2402895
2248518,4314812
1847616,4472251
1760576,2274301
2015504,473934
1262530,2706034
60741,4179485
539638,5296106
1094579,813599
2337269,6209902
2337303,6209921
2810963,7304400
1927157,762114
2566244,6737592
2441164,6483215
389362,3038548
1578889,4848030
897179,1506328
1859580,5727546
518854,2390448
1752746,2404616
1037993,2526969
762186,3560996
932456,990677
229098,2655194
1304591,4072681
1297390,4199931
322366,3057785
675397,1957584
949139,3586695
196539,3884636
387998,5524454
214081,4396006
1069704,4161459
2199689,695069
1685721,3928172
1185668,4301448
347684,2476943
765754,3057155
1117382,3883625
551207,1201329
2238290,1744875
2238292,5966076
1214050,805748
1903169,3620482
1077230,4354846
2185492,2020123
1549966,4614623
1058669,1927776
979250,1488805
1597640,4422046
297675,3028866
1676416,4518169
2038640,5193297
296235,3025570
1197759,5637779
1469545,4649067
627715,344930
1750357,4613304
946092,5079127
691118,3554396
810817,2262741
1120814,2231501
1599681,665244
433751,4270045
1694206,5546741
1194757,1751784
938595,3816199
148660,2648042
504516,518859
2261683,3742267
780166,487561
624647,3452047
774503,1461487
1046736,2699197
1969764,5027068
627813,1147705
1089086,2605083
1123915,1163214
1061959,359114
2180296,3580598
2055975,4142913
125357,2343459
1422733,3375893
1834854,4756594
581803,5617059
1816128,2997902
1385485,4943425
2013055,3905867
2274961,4532555
1168344,2298795
1555344,5909743
460237,4151272
1572647,4388938
989567,2006509
401844,1399848
653038,2031184
619077,4758551
210676,1949390
1704845,3932381
638017,4182233
1297994,2752760
347279,2951790
613682,5279298
1833684,4477442
1558860,4152790
1583239,4493774
151476,280789
1871810,4429903
1280220,687344
185531,5118079
792558,547790
150064,4092773
1095849,3862573
1010004,6063465
2050333,543333
1283508,4050664
1748436,1975433
2110428,1009949
1585383,2098319
563552,327398
1034865,1514010
1021841,5648817
490700,5137143
673620,1183829
1813661,5856612
1991708,2404110
422088,3254550
605897,4415746
857877,1454807
1926385,4916762
478753,3324177
592045,3957816
1257272,4345123
1653287,5385051
917936,3682950
1041040,3812559
1834628,4756428
911271,4392381
797546,3592610
733880,1167626
1361014,2762558
937341,4526187
1501612,346823
1001892,255321
1693284,2512636
1902679,4879099
1484878,125724
1015553,5823546
2216894,841268
1773834,4234494
547911,3858004
1203869,1837824
1228209,5365236
1929535,563003
216881,1334329
2311216,4039424
2311227,4192937
1846507,6147858
1023008,1592557
676934,2980528
220356,2046768
716659,5617925
416822,2206166
1744023,5203688
1675995,2331095
2315209,3817317
570667,5811455
236481,4629936
1976965,5026473
795211,976324
1080666,4186752
1850854,4789177
1532446,2585513
1083551,1934269
1046120,3817088
1023122,438039
2187315,995902
1019891,3732322
925823,3690388
1657068,4481703
2187321,5781031
2159283,1457931
1234333,4273185
509399,4002104
581061,886358
1622033,2231355
2190162,5789153
369779,3185414
475444,4535875
5438,4125824
2138917,1902977
1048846,3548570
1559070,3323442
1744692,4604901
1454867,4982429
1259064,2557332
825379,1439667
1735517,3091453
1128882,3101732
1702610,4552738
1577843,4059266
1634922,2214224
238103,2393823
1023834,655927
818243,5967945
918603,787030
1015357,2578502
1080535,3404084
1107920,3872985
1173047,4177443
532433,1992596
1804553,1950220
852414,1455785
1888383,1627657
226501,4428967
185924,2765165
1680785,2027567
318461,1313632
2204218,308374
1738721,1865423
463197,4635258
2159809,5671160
1433324,1338549
465488,530877
983312,545737
1083531,4362322
207683,4167110
1121619,1405494
1647738,1900473
1098841,3487150
886388,5820213
1982718,2159994
1090118,686493
1986692,5029191
1224251,5294208
818975,4639500
372642,4926258
620998,821670
2282585,5424093
2282586,6070897
1482609,809340
1240133,637238
1448351,3552123
1376921,4151305
2810092,2574946
605026,388089
2810117,7302544
2810129,1058267
2059163,5186797
1605560,3498165
1625505,1988727
2176507,2404388
767647,1036824
1606783,4432274
609952,1197133
939393,5774677
1287999,520246
1465827,3138441
1276175,4438777
796884,977701
1004369,6710558
2551635,6710562
302980,5710956
301150,4838794
110130,2358431
855510,1354026
1774579,340963
303187,2983220
2301797,5811926
2301806,6127537
2301812,5062775
1026313,4595066
1142098,3129638
625070,5972929
53228,2270687
1346498,4119873
307802,3758433
755554,3556576
2143861,5598518
1668115,1127372
1505742,4291620
1389593,278569
524061,599112
1616264,3308811
1570505,3725224
2239860,1307690
1026642,4735368
1831452,1179232
2711475,6100181
1713397,860491
2202437,6126674
2711483,7089343
2711485,1212523
1508815,1496137
1798440,802648
2263930,333039
1042170,2085947
1026783,5781387
744989,3339428
2635252,6885702
2249366,3750641
2820315,7322667
2805203,7292923
2820344,1902904
2820351,277979
2820360,554536
36949,3827107
2820363,1158123
2820370,4945383
1465781,4248877
1034920,2329645
287421,2605106
2063076,5268746
546713,2342396
140304,2593204
737094,3840623
744806,4829357
346600,4969493
582638,1921075
444885,691567
871081,4672004
2218294,835499
1499465,1949595
1399949,4359785
1493176,3992209
653085,4383430
671552,3493926
1727751,5113716
243685,4138638
2001322,5092479
1434613,5605768
1681416,5684008
1391275,3619409
665491,1960019
2185228,5771915
2185230,3546038
1178548,4183769
1744777,3206411
1155638,1303983
671517,3257547
2057021,4164889
443722,1895175
712053,846140
776191,4619238
1107857,3711827
298291,1183603
2111813,4277633
167843,2711607
1163700,178479
1166573,3932017
2191754,4492068
2191756,5793424
430902,1462782
988017,3693056
1031207,327754
572140,605392
639330,4916531
2030879,4923966
1471348,4765083
2204569,5836595
1282136,4049218
1633609,4373736
1537063,5768114
165007,3565559
259921,1889381
1874470,4830195
1029450,3781370
2101236,7279053
2797482,2979407
2797490,7208581
2797492,304262
2797506,7279167
707500,3507607
2010640,5114991
172760,1919209
1473072,1891947
482146,4262240
587139,3947019
2156689,7065152
2702154,4748715
2702164,5880587
1270703,494808
1493174,1078775
692593,1470619
2177206,2485896
378709,2586700
973521,4012426
1029949,5374228
1665214,6155741
2008878,4591836
1874728,6085497
1962357,3206875
1251650,4018287
1578529,1925914
280683,560738
1052676,4613203
411794,3242552
1056475,1793481
809660,4812534
594569,475080
1002488,4334173
229791,2873115
1863431,1050923
462215,1923520
1318245,2265986
290713,4311008
2430752,6467579
1765962,898884
1138129,3904032
1149151,2226954
149437,4312622
1304757,4072917
2283747,3302914
1368874,4055693
2070749,3480673
909507,3675678
1541829,4270587
1544789,916233
320255,4830462
1399113,4810673
127133,2597321
515440,4453487
2114352,5285697
1443496,4137785
1934521,3143634
1277780,3640703
533638,685369
739096,3545041
338287,4201598
540454,1782320
1119091,1415007
767213,4772808
1331127,2022007
1830909,5920012
2230041,3088100
1627882,4459448
787193,2301396
540970,840388
182957,4385935
1273071,4034444
1197918,2594649
2307599,761905
1656986,4590093
1417246,4319569
320055,2755888
2187000,670760
1368229,5597527
1541626,4562515
488239,3820239
1120734,3189050
839070,4576911
2029824,2263691
129873,3787389
2172212,148781
987293,1411751
928026,2214580
596404,3428199
1501351,1405946
1211718,2383445
415063,1386435
1222278,1821690
1332415,3718037
484238,4537366
1809617,477512
1540315,832479
129786,2602151
787891,814434
655961,897028
2005345,5103467
1440991,2673998
2218515,1273044
1607976,629033
2062649,5267452
2177115,5208799
298005,1888104
254984,2657055
1027134,5713583
2218258,2218612
1441680,2779006
2072817,522147
2218287,5882672
1885070,251447
1570230,1725544
799502,5197483
1640728,2604281
1422085,764815
821777,458338
567786,390871
2161575,5348081
1422602,4762075
293869,885930
429497,1005018
2047895,5219891
1680575,4500803
839196,4335850
1037992,3771561
157638,1978465
859548,1149150
2156693,1981339
2016160,5324156
2550385,4683851
229592,1235835
2769332,4616003
1510325,6012902
1371840,1102685
1012066,3406003
960362,3723065
1035889,1477344
1026260,1093457
2243192,3978201
247137,141625
903737,786969
2298125,1292019
1351920,6108782
1044827,2764232
790356,216082
939985,4549167
636516,1234930
1011647,4331686
1686076,4992400
1210892,4355269
787453,3471086
2169764,5714132
1041218,3812789
978136,3740386
1601424,1627895
1446222,1974055
266509,507879
823041,3695558
1809903,4714023
2198999,4563514
371756,1006500
380033,5330471
2005832,4218856
1226647,1171642
509371,5761548
1033432,645798
1033236,872801
1033229,1948147
1883511,5773556
1609930,4109458
2185458,5773536
955491,5699854
563147,4294822
892846,4304998
1793987,1913695
609852,4744691
1107914,4860425
955780,3719681
1804749,4526358
903781,3853916
941290,3746882
48222,2194394
644919,4044355
725814,2582068
351872,847519
361153,3365543
2181718,3967446
574645,2345687
1726634,6009887
477803,2264191
2181168,5753898
819023,3721127
2015057,676657
1388542,1751682
1242904,1857956
1134261,5700864
1084858,3853412
837606,5848532
539483,1121566
974913,4953417
58246,1303987
155132,4604783
913050,2538756
997667,1973112
600929,620120
2049371,5224452
1665581,3291922
1582786,6494740
397041,1407765
281933,3959481
666637,4071066
427626,2375708
740175,1890566
1207908,3547990
2380289,852205
211015,860727
1199642,3954218
152039,3985030
1947985,4717265
600832,6458015
182035,1545927
1196441,4513414
2181969,3039543
124734,4347554
1034868,3868363
2204885,794265
1075651,4389554
1682020,1400258
1639879,3112113
486449,202474
123843,2588090
2191773,6041841
2270360,5932525
2181638,214003
1770058,1197254
1098755,4413793
1199394,2809349
1763636,5695515
145633,4355413
1064027,3832819
360110,1405544
2315844,1252209
1221441,5973991
846320,3629837
415157,3244705
999823,4030645
2173869,5196188
302913,3044175
2145753,1809683
545952,3208935
2219730,5899191
2263322,4393215
845631,5756322
1123008,1961627
1441646,4222619
945465,3707102
179870,664892
1022017,166136
126163,2587896
126170,4784675
2706362,7077788
2144335,3347732
1591322,1960769
844160,4040991
425076,3236143
123655,2300545
914943,1410780
473918,4403346
1140982,1161023
2275227,6495194
1976657,5024098
441393,2821622
900294,3441600
1397176,677465
1036559,5860291
1094315,6174565
1024743,640775
2189160,799347
935877,666100
1235133,4135729
234843,1855181
630404,1182136
1204984,1993733
414241,4316654
789930,1121621
1410464,1066781
1789612,867088
1878301,3753101
1785912,1099299
1007742,3745571
1744448,3483125
1994212,4320465
614220,4097927
1102096,844665
1647212,5209935
1392473,4168745
2477185,126538
1376441,6272725
2156612,6050033
2804763,553580
568870,871824
1392387,169898
150858,4056144
2392681,5119358
2399306,2515658
794889,1051007
1749958,1849529
494480,803058
1975493,5021008
933222,3372700
