WOTASK_ACCOUNT_NUMBER,WORK_ORDER_NUMBER,WO_TYPE
1080894,56977914,DS
450143,56977901,DS
922007,56977897,CH
1849990,56977889,CH
2329521,56977880,SC
259269,56977863,CH
2868356,56977825,CH
2628672,56977812,DS
2637921,56977806,DS
644332,56977792,SC
2839096,56977787,DS
2672015,56977783,CH
2868422,56977781,CH
2399382,56977776,DS
2867307,56977753,CH
2698207,56977678,CN
2698207,56977677,DS
2698207,56977677,DS
2698207,56977678,CN
2868618,56977659,CN
1149833,56977624,SC
2579941,56977696,CH
1772148,56977810,CH
2589686,56977688,CH
2792349,56975868,DS
2792349,56975861,CH
2868452,56975851,CN
2493918,56975844,DS
2493918,56975843,CH
2868449,56975831,CN
2230296,56975826,DS
2230296,56975822,CH
2868447,56975813,CN
2847189,56975812,DS
1239179,56975806,SC
2215447,56975803,CH
2230294,56975798,DS
2230294,56975797,CH
2230293,56975783,DS
2230293,56975782,CH
2502651,56975755,DS
2868440,56975753,CN
2230292,56975750,DS
2230292,56975745,CH
2868433,56975728,CN
2866924,56975711,CH
2866920,56975703,CH
2868324,56975700,CH
2868427,56975691,CN
2868423,56975670,CN
2088010,56975663,SC
1083605,56975661,SC
2777848,56975655,SC
2868122,56973157,CN
2868121,56973156,CN
2219426,56973152,SC
2859602,56973146,DS
1047889,56973141,CH
2866291,56973127,CH
2576173,56973104,SC
2037964,56973095,DS
638290,56973080,CH
2867946,56973053,CH
2025480,56973049,CH
2868113,56973048,CN
2501846,56973045,CH
2709685,56973040,DS
413010,56973039,CH
638290,56973021,DS
755141,56973015,CH
403619,56972990,CH
2868100,56972950,CN
2359138,56972925,CH
2359138,56972924,DS
2868041,56972074,CN
2865603,56972072,CH
1721275,56972024,SC
2867832,56971991,CH
2867506,56971980,CH
2481525,56971967,SC
2868023,56971962,CN
2867347,56971944,CH
2810494,56971902,CH
2867248,56971856,CH
2843520,56971844,SC
1370581,56971797,CH
2266246,56971763,DS
2838081,56971762,CH
2194549,56971730,CH
2770456,56971718,CH
2770456,56971718,CH
2166507,56971706,CH
2866537,56971687,CH
2865338,56971685,CH
2867290,56971677,CH
2854201,56968613,CH
2710958,56968589,CH
6072530,56968588,DS
2739654,56968554,CH
2300257,56968532,DS
504244,56968527,CH
2867279,56968520,CH
2867446,56968514,CH
2683527,56968504,DS
240406,56968493,CH
2775885,56968474,DS
1965631,56968468,CH
2867590,56968417,CN
2162158,56968414,DS
728893,56968404,DS
2866452,56968397,CH
665310,56968364,SC
2163148,56971686,CH
2051465,56971912,CH
2113555,56967963,SC
1416573,56967915,CH
2090045,56967815,SC
2090702,56967782,CH
6097989,56967754,DS
2867564,56967737,CN
2643479,56967720,SC
1710739,56967711,SC
923736,56967656,SC
2676490,56967635,SC
2387203,56955424,DS
2865964,56955413,CH
2865775,56955331,CH
2864970,56955311,CH
2861708,56955306,CH
1062808,56955260,CH
2866292,56955256,CH
2865395,56955228,SC
1063854,56955221,DS
1130584,56955216,DS
1265676,56955206,DS
2691790,56955211,CH
2755371,56955339,CH
2865624,56948033,CN
2795001,56948024,CH
2680482,56947976,CH
504953,56947971,CH
2865579,56947957,CN
2153787,56947950,DS
2858821,56947937,CH
2633198,56947878,DS
1746317,56947863,DS
2864863,56947847,CH
2865309,56947814,CH
2863249,56947731,CH
2198604,56947693,DS
2759662,56947686,CH
2863824,56947675,CH
2793761,56947669,SC
2863586,56947661,CH
2830219,56947805,CH
1317126,56947980,CH
2863003,56934820,CH
2793792,56934818,DS
2793792,56934818,DS
2793792,56934819,CN
2793792,56934819,CN
657430,56934814,SC
2860831,56934807,CH
336235,56934802,DS
2625596,56934801,CH
1719098,56934790,DS
2862304,56934789,CH
2737179,56934783,CH
2863483,56934777,CH
1429798,56934724,DS
2015516,56934687,CH
2863772,56934650,CH
2863756,56934640,CH
2864206,56934624,CN
2848323,56934620,CH
1999910,56934611,SC
2163612,56934595,DS
2721225,56934593,CN
2721225,56934593,CN
2721225,56934592,DS
2721225,56934592,DS
614013,56934744,CN
614013,56934744,CN
2864061,56932981,CH
2860590,56932791,CH
2590959,56932736,DS
1129201,56932723,DS
2864034,56932676,CH
2863533,56932667,CH
1490569,56932664,CH
2480587,56928772,SC
2801033,56928764,DS
2705811,56928734,DS
2532991,56928676,CH
2642833,56928664,SC
1992580,56928644,DS
2862750,56928614,CH
2570926,56927856,CH
2570926,56927854,DS
2772624,56927853,DS
1477550,56927850,DS
2813945,56927847,DS
2862466,56927808,CH
2862015,56927805,CH
2861167,56927803,CH
2862834,56927791,CH
6036203,56927777,CH
6036203,56927774,DS
2863381,56927750,CN
957558,56927736,DS
1493330,56927724,CH
2863372,56927693,CN
2400152,56927677,CH
812214,56927904,CH
2165910,56919718,SC
2857022,56919476,SC
2847688,56919380,SC
2616780,56919675,CH
1526692,56911621,CH
2861714,56911607,CH
2293193,56911585,CH
2862037,56911584,CN
2861449,56911545,CH
171682,56911534,CH
2861737,56911529,CH
2464025,56911483,CH
2861406,56911461,CH
1283763,56911452,CH
2861624,56911451,CH
2859033,56911447,CH
1241672,56911432,SC
2734682,56911422,CH
2861901,56910047,CN
951986,56909964,DS
2789932,56909943,DS
2761731,56909917,CH
2645605,56909845,DS
2817883,56909841,CH
2861601,56909805,CH
2791191,56909785,CH
1508085,56909772,CH
269857,56910061,CH
6028867,56911581,CH
2842967,56907387,DS
2730184,56907285,SC
2743940,56907261,CH
2685296,56907219,CH
2861695,56907199,CN
2861678,56907156,CH
2766241,56907144,DS
2861287,56907114,CH
2301026,56907111,DS
790853,56907104,CH
2696737,56907045,CH
2016136,56899062,DS
465953,56899039,DS
2840160,56883032,DS
2859765,56883029,CH
1247347,56882973,SC
2835763,56882939,CH
2544584,56882931,SC
2827648,56882922,DS
2858403,56882899,CH
695391,56882898,CH
2521947,56882863,CH
2859624,56882858,CH
139137,56882856,SC
2833178,56882852,DS
2859762,56882851,CH
2796679,56882829,DS
2859920,56882782,CN
1331204,56882719,CH
2829685,56882718,CH
2266996,56882716,CH
1140737,56882705,CH
2845178,56882676,CH
2859587,56882627,CH
1702117,56881809,CH
2859387,56881806,CH
2655598,56881713,CH
400350,56881697,DS
1316212,56881673,CH
476492,56881672,SC
476492,56881672,SC
2589406,56881665,CH
461498,56881662,CH
2527185,56881645,CH
1124955,56882982,CH
2390827,56882772,CN
2751588,56882729,CH
6038655,56881761,CH
2390827,56882772,CN
1844914,56882803,CN
1844914,56882803,CN
2814569,56881490,DS
2859810,56881472,CN
2859447,56881420,CH
900969,56881414,SC
2818881,56881390,DS
2859704,56881373,CH
2003238,56874714,DS
856778,56874652,SC
2354724,56874304,CH
2341640,56874069,CH
628239,56870603,CH
2780902,56870510,CN
2780902,56870510,CN
2780902,56870509,DS
2780902,56870509,DS
1059329,56870368,CH
2858641,56870361,CH
2858372,56870284,CH
2619037,56870265,DS
2858357,56870241,CH
2803001,56870240,CH
2857709,56870211,CH
2858226,56870200,CH
2621573,56870180,CH
2855793,56870172,CH
2858961,56870134,CN
2594263,56870129,CH
2857051,56870125,CH
2624477,56870097,CH
2621554,56870096,SC
2331221,56870093,CH
2527185,56870079,DS
2218458,56870063,CH
2674987,56870474,CH
2857771,56864500,CH
2858388,56864496,CN
589483,56864479,DS
2858384,56864449,CN
2252654,56856879,SC
1221380,56856800,CH
2856785,56856797,CH
299306,56856790,DS
2856409,56856777,CH
2856334,56856749,CH
2857556,56854752,CH
2636166,56854593,CH
2857549,56854576,CN
2857546,56854545,CN
2488559,56854530,DS
1717900,56854529,DS
2857545,56854503,CN
1835556,56854475,DS
1835556,56854475,DS
1835556,56854476,CN
1835556,56854476,CN
1598739,56854452,CH
2224944,56854424,CH
2855728,56854418,CH
2856857,56854415,CH
2805353,56854401,DS
2836446,56854398,DS
2782028,56854379,DS
1092977,56854340,SC
2856765,56852195,CH
1345571,56852163,DS
2854797,56852144,CH
924230,56852107,CH
347673,56852099,CH
1166106,56852047,CH
2852920,56852038,CH
2343075,56851928,CH
2856186,56839633,CH
2856128,56839624,CH
2278789,56839585,CH
379205,56839568,SC
2033514,56839536,DS
1112731,56839445,SC
1103132,56839706,CH
2856019,56836328,CH
2856016,56836246,CH
102164,56836207,SC
184441,56836194,SC
1694483,56836185,SC
2388092,56836053,SC
1242942,56836023,CH
2699382,56832608,CH
2855897,56832497,CN
2758946,56832496,SC
6100551,56832481,CH
2855895,56832448,CH
504150,56832387,SC
2854139,56823129,CH
1223545,56823107,CH
2850230,56823084,CH
205773,56823034,CH
2855110,56823029,CN
2851993,56822999,CH
2855094,56822995,CH
2199642,56822974,CH
2853846,56822916,CH
2703286,56822875,CH
2855040,56822871,CH
6039199,56823052,CH
2571814,56823099,CH
1952670,56799260,DS
2852967,56799239,CN
2851927,56799225,CH
2286131,56799159,CN
2286131,56799159,CN
2286131,56799158,DS
2286131,56799158,DS
1036765,56799094,SC
2532950,56794882,CH
2462874,56794880,CH
2847543,56794859,CH
659664,56794849,CH
2281099,56794712,CH
2851978,56794688,CH
2416617,56794674,CH
2817513,56793380,CH
143229,56793288,CH
2139237,56793198,DS
2545006,56785132,CH
2849768,56785064,CH
2851560,56785032,CH
2851467,56785005,CH
2851386,56784956,CH
2849512,56784955,CH
2851329,56784928,CH
2462024,56784922,CH
2795747,56784876,DS
2225751,56784868,CH
2851592,56784865,CH
2848462,56784850,CH
2485667,56783577,CH
2851290,56783532,CH
2568260,56783525,CH
2753975,56783510,DS
2851430,56783502,CH
2849379,56783471,CH
2851581,56783417,CH
2851315,56783386,CH
2746192,56783377,DS
970456,56783350,CH
2848043,56783291,CH
2562894,56783486,CH
187858,56783340,CH
2263611,56785166,CH
2345574,56783556,CH
2504518,56783503,CH
2849850,56775620,CH
768638,56775614,CH
2847729,56775598,CH
2850513,56775593,CH
2848447,56775587,CH
1280808,56775564,CH
2850858,56775558,CH
2849576,56775546,CH
2851101,56775396,CH
2850305,56775386,CH
2849812,56775357,CH
1082534,56775327,DS
2848901,56775295,CH
2850503,56775291,CH
657943,56775289,CH
2643405,56775536,CH
2842367,56767842,CH
2520205,56767783,CH
1180309,56767772,CH
1929671,56767770,CH
2125054,56767646,CH
1686404,56767631,CH
503750,56767627,CH
2850492,56767614,CN
1502626,56767604,CH
1753706,56767597,CH
2850488,56767540,CN
2398153,56767524,CH
2026719,56767502,CH
2847818,56767501,CH
2850484,56767483,CN
2547811,56767836,CH
1673183,56765389,CH
2849951,56765385,CH
2545260,56765348,CH
2849834,56765302,CH
597033,56765258,CH
280172,56765252,CH
2747222,56765229,CH
2850149,56765181,CH
2818785,56765167,CH
2850055,56765105,CH
735797,56751906,CH
2849226,56751875,CN
2847371,56751853,CH
1829961,56751811,CH
2246371,56751792,DS
2849206,56751655,CN
961946,56742491,CH
2848360,56742484,CH
2848101,56742481,CH
2848421,56742460,CH
2627491,56742459,CH
1918416,56742425,CH
2847358,56742369,CH
2436316,56742356,CH
1526174,56742344,CH
2848125,56742341,CH
2846252,56742324,CH
2842024,56737052,CH
2847591,56736966,CH
2635236,56736965,CH
2847839,56736964,CH
6029478,56736959,DS
1766399,56736884,CN
2847769,56736802,CH
2489124,56736776,CH
2847494,56736770,CH
2648100,56736764,DS
2800792,56736730,CH
2846767,56736698,CH
2847652,56736689,CH
2845184,56736653,CH
2847741,56736554,CH
6099863,56736551,CH
2847887,56736508,CN
2819921,56736463,CH
2493111,56736530,CH
2454627,56736690,CH
2843798,56724624,CH
329429,56724620,CH
2846276,56724614,CH
505493,56724584,CH
2845773,56724563,CH
2846988,56724533,CH
1897609,56724511,CH
565847,56724499,SC
2764955,56724457,CH
2840569,56724447,CH
2846877,56724444,CH
2549575,56724434,CH
1422724,56724427,CH
2431926,56724417,CH
2846961,56724397,CH
2845877,56724386,CH
2434332,56724364,CH
2839105,56724337,CH
1346254,56720866,CH
1613819,56720847,CH
2846398,56720836,CH
2565318,56720786,CH
2846534,56720746,CH
1372788,56720680,CH
2482792,56720673,CH
1366744,56720660,CH
2639894,56720657,DS
2818756,56720654,CH
2846601,56720653,CH
2846610,56720640,CH
1641348,56720797,CH
2846476,56718070,CH
2501927,56718068,CH
2846016,56718054,CH
334290,56718035,CH
2273900,56717983,SC
2536651,56717962,CH
2758142,56717957,CH
2844272,56717875,CH
2419861,56717784,CH
2336474,56717952,CN
2336474,56717952,CN
186278,56718063,CH
1383559,56708495,SC
1500272,56708492,CH
2845254,56708465,CH
2845555,56708461,CH
2058645,56708458,DS
2845093,56708455,CH
2704828,56708454,CH
2844515,56708438,CH
2841652,56708434,CH
1000936,56708356,CH
2842853,56708289,CH
708483,56706028,CH
2805193,56706023,SC
2388339,56705946,SC
2518792,56706080,CH
2576896,56697862,CH
2658767,56697843,CH
2658767,56697841,DS
2630163,56697838,DS
2840997,56697836,SC
2844019,56697833,CH
1260081,56697809,CH
1767048,56697806,CH
131652,56697763,CN
131652,56697763,CN
2844573,56697743,CH
2816528,56697731,DS
2365849,56697728,CH
2844654,56697701,CH
2485080,56697678,CH
2707181,56697666,DS
2761655,56697659,CH
2639806,56697653,DS
2844739,56695743,CH
1258888,56695722,CH
175700,56695689,CH
2844153,56695672,CH
2842546,56695658,CH
1824627,56695652,CH
1722247,56692549,CH
2308278,56692543,CH
1531970,56692532,CH
2842178,56692530,CH
2843879,56692515,CH
2638708,56692571,CH
379771,56692679,CH
2003366,56668740,CH
2789787,56668738,CH
164234,56668719,CH
2721527,56668690,CH
2841959,56668653,CH
2841009,56668642,CH
2605340,56668649,CH
905888,56668731,CN
905888,56668731,CN
2842041,56657852,CH
2842290,56657843,CN
2841893,56657779,CH
1880720,56657691,SC
2841988,56657666,CH
1217470,56657639,CH
2490422,56657601,CH
835209,56657690,CH
2841682,56653548,CH
2841726,56653514,CH
2841505,56653493,CH
1995785,56653491,CH
2103389,56653379,CH
2608640,56653362,CH
2664978,56653291,CH
622246,56650919,SC
1093857,56650748,SC
2841651,56650478,CH
794084,56650417,SC
2827844,56634443,CH
934897,56634374,CH
2839856,56634348,CH
2298473,56634301,CH
2298473,56634301,CH
2838744,56634298,CH
2838778,56634263,CH
2433404,56634257,CH
2840205,56634253,CH
1650107,56634247,CH
2832845,56634176,SC
2630001,56634383,CH
2500164,56634406,CH
2729929,56617742,CH
2451558,56617666,DS
2838828,56617658,CH
1444223,56617657,CH
1270114,56616997,CH
2459988,56616992,CH
410984,56616911,CH
2837997,56616854,CH
2838759,56616850,CH
2191736,56616839,CH
2549729,56616818,DS
1708245,56616104,CH
2837873,56616101,CH
2832121,56615978,CH
2200199,56615935,CH
6074156,56615933,CH
6050556,56615999,CH
2695768,56616128,CH
2268186,56615906,CH
1352674,56616954,CH
2472549,56610425,CH
2472549,56610425,CH
667099,56610391,CH
2781970,56610346,CH
1771292,56610313,CH
741634,56610272,CH
196072,56610242,CH
2833380,56610184,CN
2686277,56610108,DS
688305,56610281,CH
1850913,56608298,CH
1903686,56608280,SC
2833282,56608255,CH
2836273,56608247,CH
2836308,56608147,CH
1520119,56608133,CH
2833403,56608119,CH
2452355,56608117,CH
2837405,56608064,CH
2099705,56608061,CH
1165776,56608025,SC
2830063,56608007,CH
2830063,56608007,CH
2837769,56607840,CH
416733,56607760,SC
2836769,56607730,CH
2789308,56607691,CH
2835836,56607685,CH
2748617,56607673,CH
851169,56607670,CH
349430,56607658,CH
2837441,56607641,CH
2837908,56607613,CH
2197256,56607604,CH
429111,56607585,SC
2837695,56607480,CH
2837159,56607478,CH
1255757,56607455,CH
2468663,56607427,DS
1050610,56607391,CH
2752689,56607365,DS
2837385,56607364,CH
2555841,56607343,CH
2368004,56607982,CH
2582620,56608022,CH
6036006,56607743,CH
2622945,56608081,CH
1609920,56604573,CH
2837610,56604503,CH
2837594,56604468,CH
2193475,56604439,SC
2837312,56604401,CH
2267964,56604322,CH
2829756,56604266,SC
2654750,56604351,CH
1081652,56594219,CH
1077004,56594168,CH
2836597,56594128,CN
2641951,56594122,CH
2834121,56594079,CH
2518977,56594007,CH
1256671,56593998,CH
2382399,56593946,CH
2807161,56593898,CH
2836184,56593897,CH
910138,56593893,CH
2454363,56593864,CH
2836357,56593778,CH
2770465,56593769,CH
1265529,56593631,CH
2836177,56593568,CH
2834433,56593549,CH
2740386,56593448,CH
1545228,56593409,CH
2818385,56593350,DS
1059645,56593326,SC
1090585,56593906,CH
6072188,56593419,CH
2629356,56593535,CH
2653943,56594278,CH
278883,56594143,CH
1959427,56588824,CH
365585,56587121,SC
2763649,56587119,SC
2835903,56587115,CN
2498023,56587095,CH
2804994,56587001,CH
2623970,56586972,CH
2835881,56586959,CN
2834842,56586924,CH
2834789,56586903,CH
2835563,56586896,CH
660650,56587077,CH
2833391,56583444,CH
2834427,56583326,CH
2130160,56583317,CH
2695991,56583278,SC
2835140,56583277,CH
2835068,56583255,CH
2808112,56577646,DS
2834157,56577611,CH
2834626,56577610,CH
2793905,56577587,DS
2834150,56577573,CH
2057201,56577545,CH
2834740,56577536,CH
1644356,56577498,CH
2833789,56568325,CH
2531665,56568131,CH
2833158,56568128,CH
1848017,56558344,CH
2082830,56558336,SC
1220344,56558238,CH
2832883,56558235,SC
2815708,56558227,CH
2833343,56558029,CH
2228681,56557997,CH
2833265,56557944,CH
436731,56557935,CH
2179176,56557901,CH
1082492,56558240,CH
2832228,56546416,CH
785971,56546414,SC
786094,56546385,CH
2832276,56546347,CH
6104033,56546334,CH
1927028,56546296,SC
2814437,56546272,SC
2618614,56543486,CH
334369,56543395,CH
514248,56543319,CH
2831866,56543244,CH
2660598,56543238,DS
2831839,56542978,CH
2831408,56542859,CH
2831130,56542858,CH
2778126,56542755,SC
2831998,56542627,CN
2265443,56542609,CH
2574571,56542589,CH
831864,56541739,CH
2831888,56541738,CN
2831601,56541734,CH
1080571,56541727,CH
2692300,56541704,DS
2781536,56541649,CH
2831721,56541625,CH
2830795,56541581,CH
2391138,56541551,CH
2831693,56541490,CH
2831008,56541433,CH
2147187,56541407,CH
2827070,56541357,CH
2629025,56541693,CH
2831246,56534545,CH
2480740,56534529,CH
670665,56534473,SC
2494967,56534438,CH
2736296,56534418,DS
730711,56534408,SC
645046,56534406,CH
2786306,56534386,DS
1059859,56534360,DS
396300,56534273,CH
1367303,56532786,SC
1612280,56532718,SC
2803455,56532682,CH
2830223,56532638,CH
2100023,56532617,CH
2726042,56532582,CH
2831009,56532578,CH
1906517,56532606,CH
2499896,56534385,CH
2829645,56530504,CH
1188776,56530454,CH
2830794,56530426,CH
2169225,56530323,CH
860004,56530314,CH
2306856,56530303,CH
136448,56530225,CH
2829806,56530215,CH
2830869,56530209,CH
2830619,56530204,CH
2828915,56529906,CH
6093551,56529895,DS
1554039,56529830,CH
2198516,56529820,CH
2292078,56529818,SC
2830267,56529817,CH
451855,56529789,CH
451855,56529789,CH
2830122,56529774,CH
2829014,56529731,CH
2630853,56529717,DS
1087562,56529697,CH
2498801,56529643,CH
2830126,56528868,CH
2548877,56528853,CH
2819906,56528839,CH
2830078,56528755,CH
1745457,56528667,CH
2830717,56528633,CN
2620797,56528688,CH
2769592,56528807,CH
2069072,56528810,CH
716812,56530285,CH
1317897,56526335,SC
2678485,56526274,SC
2821725,56526199,SC
2829325,56520668,CH
2828650,56520646,CH
2830194,56520625,CN
2829993,56520621,CH
2121346,56520584,CH
2830185,56520546,CH
1182770,56520545,SC
2609733,56520498,CH
2827711,56520456,CH
2413706,56518997,CH
2830032,56518877,CN
2774310,56518797,CH
2805001,56518772,CH
2786752,56518752,CH
2829327,56518634,CH
1432401,56518620,CH
6080567,56520500,CH
512767,56518976,CH
1665607,56520615,CH
2380770,56520504,CH
2135195,56520640,CH
775782,56510996,CH
1513737,56510935,CH
2828677,56508660,CH
2826237,56508577,CH
2828418,56508510,CH
1619995,56508451,CH
2823585,56508429,CH
2828440,56508391,CH
2826279,56508377,CH
2828417,56508294,CH
2828958,56508280,CH
2079886,56508259,CN
6095213,56505403,CH
1825488,56505368,SC
2234124,56505339,SC
131998,56505330,SC
1348978,56503785,CH
2827773,56503781,CH
2825773,56503758,CH
2827939,56503699,CH
2779523,56503694,CH
1587629,56503677,DS
2827578,56503637,CH
681949,56503812,CH
1117807,56503600,CH
369580,56503666,CN
369580,56503666,CN
2815387,56495253,SC
2735992,56495233,SC
2338488,56495150,CH
2826548,56478712,CN
1609791,56478640,CH
1539984,56478602,CH
24328,56478576,SC
2826523,56478548,CN
2824990,56478510,CH
2825869,56478477,CH
2826421,56476501,CN
2563548,56476384,CH
2825107,56459718,CN
2824785,56459711,CH
2824411,56459681,CH
2820655,56459667,CH
2482328,56459604,CH
2602385,56459513,CH
2825050,56459190,CN
1410829,56459150,CH
2823193,56459063,CH
2824260,56459059,CH
2825027,56459055,CH
2767256,56458972,CH
2531310,56459548,CH
2560905,56459031,CH
946358,56455538,SC
2824662,56455410,CN
2591214,56455355,CH
2824631,56455136,CH
2824265,56455121,CH
2822866,56455090,CH
2824607,56455012,CH
2820487,56454997,CH
2824590,56454874,CN
2821970,56454824,CH
2628186,56454793,DS
6066561,56436807,CH
2367448,56436799,CH
2822525,56436762,CH
2821428,56435440,CH
2823136,56435439,CN
2821424,56435417,CH
2822483,56435300,CH
1897381,56435298,CH
2777755,56435238,CH
2822635,56435218,CH
2821529,56435182,CH
1225712,56435167,CH
2571431,56435207,CH
1081959,56435226,CH
2821839,56422754,CH
2404550,56422693,CH
2784241,56422681,CH
2818685,56422625,CH
2821784,56422578,CH
2822113,56422576,CN
995187,56422555,CH
1122700,56415827,CH
450363,56415725,CH
2821160,56415702,CH
2793404,56415670,CH
2212505,56415662,SC
2821509,56415645,CN
2820540,56415621,CH
2821506,56415615,CN
2821103,56415597,CH
1141897,56415583,CH
2821079,56415573,CH
2821075,56415571,CH
1611863,56415565,CH
2686970,56415507,CH
2721123,56415505,CH
2493907,56415501,CH
2820350,56415452,CH
2819622,56398632,CH
2236994,56398585,CH
2819466,56398567,CH
1635599,56398562,CH
2090834,56398439,CH
1693672,56398419,DS
1138720,56398358,CH
1419519,56398335,CH
2676018,56398330,CH
2818949,56398320,CH
1037920,56398291,SC
2819338,56389903,CN
230244,56389873,SC
2818312,56389789,CH
2817149,56389756,CH
2819207,56389735,CH
2087780,56389696,SC
2609103,56389631,CH
2819010,56386630,CN
387565,56386616,DS
1054674,56386789,CH
2819003,56386443,CN
764051,56386431,SC
1586272,56383138,CH
2818618,56383120,CN
1260902,56383062,SC
2815634,56383012,CH
2816534,56383011,CH
2818677,56382918,CN
2814651,56382912,CH
1592786,56382889,DS
2818075,56378681,CH
2817916,56378502,CH
2426814,56378488,CH
2667948,56378916,CH
2606417,56376193,CH
2439513,56376063,SC
925047,56376053,SC
2816520,56374393,SC
2818007,56373989,CH
2601913,56374331,CH
1376926,56366911,CH
2446439,56366871,CH
2817219,56366847,CH
2817243,56366782,CH
294026,56366531,CH
2817065,56363486,CN
2816878,56363475,CH
1571312,56363456,CH
2816265,56363423,CH
2815622,56363399,CH
1742416,56363391,CH
2095361,56363311,CH
2279055,56363305,CH
2699986,56363299,CH
2081646,56363290,CH
2816913,56363232,CH
2374326,56363217,CH
2667539,56363256,CN
2667539,56363256,CN
672838,56363448,CH
2344695,56353844,CH
2815464,56353821,CH
2816151,56353803,CN
2713179,56353708,CH
1333304,56353640,CH
2287868,56353634,CH
572852,56353590,SC
2815747,56353577,CH
2816126,56353570,CN
1690551,56353632,CH
2814488,56347819,CH
2815565,56347785,CH
2674073,56347769,CH
2815394,56347735,CH
2760999,56347719,CH
1085603,56347701,CH
569172,56347687,CH
2814432,56335277,CH
2812627,56335276,CH
1790977,56335207,CH
2814197,56335182,CH
2811086,56335167,CH
2785499,56335132,CH
2332100,56335003,CH
1262885,56333172,SC
2522394,56333121,SC
2646416,56332935,SC
2693731,56332608,SC
2335290,56333051,CN
2335290,56333051,CN
2814604,56330575,CN
2814603,56330494,CN
337332,56330437,SC
1066515,56329891,CH
2814074,56329855,CH
2813485,56329847,CH
2814540,56329817,CH
2811502,56329804,CH
2707012,56329772,CH
2814518,56329559,CN
1940769,56329521,CH
2813214,56329508,CH
6088758,56327814,CH
2813096,56327696,CH
2813658,56327695,CH
1758610,56327629,DS
1597474,56327621,DS
2294277,56327492,SC
2731390,56326569,CH
2808018,56326427,CH
2261561,56326387,CH
2265492,56326379,SC
1686325,56326349,SC
203331,56317477,CH
2809953,56317467,CH
2812932,56317448,CH
796787,56317360,CH
2812905,56317306,CH
1856660,56316737,CH
2434085,56316692,CH
2667923,56316598,CH
2420950,56317330,CH
2121814,56313960,SC
2385377,56313929,SC
1366376,56313839,SC
2812487,56313817,CH
1020138,56313780,SC
2247862,56313658,SC
2812970,56313637,CH
2731973,56313611,SC
665800,56313598,SC
2811713,56307400,CH
1349314,56307395,CH
2812580,56307365,CH
2304787,56307363,CH
2812536,56307360,CH
2811246,56307359,CH
2811410,56307312,CH
2812480,56307182,CH
2811650,56307168,CH
2812721,56307151,CN
2193384,56307098,SC
2812703,56307035,CN
2812702,56306985,CN
2811148,56306932,CH
2305555,56306923,CH
6084776,56306918,CH
2812448,56306891,CH
2811561,56306815,CH
2234137,56306906,CH
2616692,56306969,CH
711076,56299899,CH
2811407,56299650,CH
2811035,56299603,CH
2780089,56298639,CH
1798607,56298469,CH
2809774,56298444,CH
2811787,56298398,CN
1066268,56299745,CH
2698997,56298415,CH
2811024,56291434,CH
2362113,56291420,CH
1026849,56291371,CH
471190,56291363,SC
1979586,56291273,SC
2507624,56264645,CH
2572897,56264632,CH
2809933,56264623,CH
2807445,56245664,CH
2807554,56245661,CH
1028631,56245617,CH
2807262,56245607,CH
2806271,56245596,CH
2805544,56245574,CH
2807484,56245493,CH
2808405,56245477,CN
2804324,56235029,CH
1762509,56234871,CH
2807339,56234845,CN
573830,56234888,CN
573830,56234888,CN
2771470,56231693,SC
2806097,56231639,CH
262190,56231572,CN
262190,56231572,CN
2223643,56231456,SC
116392,56231454,CH
2377864,56231697,CH
2803686,56223908,CH
2806469,56223828,CN
2806468,56223823,CN
2610664,56223860,CH
2805621,56222247,CH
2804784,56222234,CH
2805926,56222108,CH
2806370,56222073,CN
2805029,56222066,CH
2805029,56222066,CH
2806366,56222052,CN
1949965,56222042,CH
2059570,56222012,CH
2707961,56221991,CH
2805983,56221938,CH
2805877,56221473,CH
2805919,56221410,CH
778255,56221369,CH
2332932,56221346,CH
2724424,56221340,CN
2724424,56221339,DS
2724424,56221339,DS
2724424,56221340,CN
2806293,56221307,CN
2804520,56221234,CH
1136843,56221183,DS
2805839,56221074,CH
2761500,56221067,CH
1454345,56221062,CH
2806066,56218414,CN
2806065,56218365,CN
2800795,56218360,CH
2498921,56218251,CH
2194236,56217876,SC
2806027,56217851,CN
2802942,56217835,CH
917510,56217818,CH
1305045,56217675,CH
2769664,56216690,CH
1980338,56216673,CH
2804105,56216582,CH
2803751,56216512,CH
2802629,56216468,CH
2556781,56216412,CH
1651054,56211257,CH
2803363,56211207,CH
1023133,56211186,CH
2144486,56211131,DS
1447797,56211126,DS
1447831,56211109,DS
2805110,56207552,CN
1761035,56207551,CH
2803753,56207439,CH
2777133,56207401,CH
1676760,56207335,CH
341194,56207306,CH
2805084,56207296,CN
2384022,56207499,CH
821676,56207523,CH
2265258,56207535,CH
2801074,56199758,CH
2552047,56199465,CH
2802079,56199286,CH
2801904,56196113,CH
2803093,56196094,CH
1618256,56196018,CH
2799351,56195960,CH
2621041,56195957,CH
2702235,56196073,CH
2803497,56188509,CH
2802684,56188289,CH
806207,56188281,CH
2373912,56187923,CH
2802723,56187919,CH
898699,56188383,CH
2803183,56187679,CH
2803069,56186263,CH
2803133,56186043,CH
2802622,56185998,CH
2801012,56185960,CH
2802219,56185950,CH
1180465,56186119,CH
927261,56185942,CH
2587358,56187636,CH
2802318,56183393,CH
2802547,56183383,CH
2583943,56183376,CH
2074844,56183343,CH
1816364,56183302,CH
2037062,56183207,CH
1733083,56174630,CH
2784311,56174566,CH
2502585,56174557,CH
2801723,56174518,CH
2107126,56174473,DS
2107152,56174471,DS
2747671,56174428,CH
2795028,56158856,CH
2459059,56158767,CH
1964610,56144154,CH
2638753,56144122,CH
2799280,56143933,CH
1594632,56143877,SC
2800033,56143839,CH
1799414,56143795,CH
2217593,56143789,CH
2799682,56137864,CH
2755700,56137554,CH
2798220,56127605,CH
2798511,56127518,CH
2792070,56127512,CH
2798833,56127486,CH
1918634,56127434,CH
2797970,56127428,CH
2798680,56127344,CH
434545,56127335,CH
2281094,56126325,DS
2708716,56126260,CH
2175779,56126252,CH
1366184,56126190,CH
697228,56126135,CH
697014,56124607,SC
1863061,56124599,CH
2797064,56124580,CH
2798664,56124431,CH
1022643,56124488,CH
2797883,56119877,CH
524381,56119862,CH
2798009,56119838,CH
2797692,56119821,CH
2757362,56116058,CH
2796156,56115981,CH
2797576,56115969,CH
1427366,56115920,CH
2690476,56115853,CH
1819177,56115851,CH
2796522,56115747,CH
1649862,56115740,CH
2072281,56115739,CH
1121465,56115847,CH
2797059,56110890,CH
2797624,56110802,CH
2689440,56110801,CH
2074256,56110767,CH
2797140,56110698,CH
2787771,56099687,CH
2595275,56099569,CH
2758089,56099504,CH
1454438,56099422,CH
1825648,56099372,CH
2796857,56099339,CH
2793986,56099325,CH
2796242,56099282,CH
2792730,56099251,CH
2796204,56099236,CH
2597770,56099233,CH
150738,56099203,CH
45299,56099078,CH
2795823,56098422,CH
2796402,56098405,CH
2791113,56098402,CH
2795662,56098362,CH
2795418,56098169,CH
2796746,56098153,CN
1440518,56098129,CH
2540218,56098048,CH
2093725,56096966,CH
2796430,56096924,CH
1691129,56096907,CH
2796036,56096855,CH
2694833,56096991,CH
2690551,56098495,CH
2729443,56098318,CH
2793762,56086192,CH
2795595,56086017,CN
926780,56085971,CH
2560678,56085585,CH
2795336,56085526,CH
2444202,56086053,CH
659359,56086038,CH
2794449,56080388,CH
420323,56080379,DS
2795058,56080279,CH
2795056,56080275,CH
2794955,56080235,CH
275273,56080301,CH
2297836,56080304,CH
2493076,56080271,CH
2792164,56078975,CH
2793794,56073521,CH
2597556,56073502,DS
2597555,56073500,DS
2597553,56073497,DS
2597550,56073494,DS
2597548,56073478,CN
2597548,56073478,CN
2597548,56073473,DS
2597548,56073473,DS
2360670,56073338,CH
6047788,56073225,CH
2689889,56073378,CH
2403438,56056521,CH
351398,56056490,CH
2791410,56056487,CH
6044617,56056623,CH
2790270,56046863,CH
794759,56046832,CH
2792468,56046831,CN
2792461,56046821,CN
2791155,56046819,CH
2792455,56046795,CN
2792446,56046765,CN
2792439,56046727,CN
2788319,56035799,CH
6099974,56035761,CH
2647484,56035727,CH
371275,56035616,DS
2790241,56034453,CH
2695565,56034394,CH
2791405,56034389,CH
2791402,56034356,CH
458780,56034347,CH
2791397,56034306,CH
2791392,56034253,CH
2791388,56034211,CH
2791378,56034156,CH
2789503,56034154,CH
2115984,56034143,CH
784134,56034202,CH
2787871,56030938,CH
1989768,56030905,CH
2790442,56030894,CH
2499595,56030877,CH
2654195,56030706,CH
2789871,56018591,CH
1013948,56018552,CH
2789220,56018523,CH
2328755,56018520,CH
2789582,56018519,CH
6016796,56018384,CH
510311,56018360,CH
2788782,56009826,CH
2789062,56009819,CH
2788950,56009803,CH
2783659,56009777,CH
2789104,56009771,CH
2785271,56009767,CH
2787219,56009650,CH
2788757,56009648,CH
2234320,56009612,CH
2138272,56009604,CH
2789385,56009508,CN
2789053,56009472,CH
2619053,56009438,CH
2755090,56009382,CH
2786731,56009381,CH
2788829,56009348,CH
265081,56009346,CH
2355751,56008810,CH
2786662,56008806,CH
2788688,56008805,CH
2785183,56008723,CH
2789039,56008633,CH
1761934,56008610,CH
2789069,56008589,CH
2788437,56008588,CH
2781484,56008556,CH
2789240,56008501,CH
1620549,56008480,CH
2627408,56008424,CH
1948203,56008412,CH
2788196,56004357,CH
2700827,56004136,CH
2396048,56004375,CH
2788739,56001341,CH
2788700,56001315,CH
2784871,56001306,CH
2788207,56001220,CH
515228,56001151,CH
1923851,56001105,CH
2787637,55998075,CH
2764246,55998065,DS
1478718,56001054,CH
626829,56001378,CH
2783225,55976744,CH
2786426,55976591,CH
2786472,55976526,CH
2786193,55974353,CN
2785775,55974350,CH
2784573,55974273,CH
2782776,55974260,CH
1484617,55974386,CH
2784827,55965538,CH
2018291,55965474,CH
1702693,55965452,CH
2146538,55965091,CH
2780984,55964940,CH
2095958,55965643,CH
2784659,55960972,CH
475034,55955876,CH
2783753,55955802,CH
1692430,55955786,CH
2783318,55955734,CH
2779280,55955623,CH
2783559,55955608,CH
2191703,55955601,CH
1624909,55955716,CH
2687713,55939579,CH
2288337,55939426,CH
2782720,55939410,CN
2782717,55939371,CN
2072001,55936586,CH
2781401,55926016,CH
553768,55925984,CH
2779085,55925912,CH
1181168,55925888,CH
2438773,55925825,CH
2780901,55925821,CH
2404557,55925874,CH
2485712,55925928,CH
2560461,55925995,CH
2594067,55923512,CH
2781527,55923441,CH
2734384,55923396,DS
2780962,55923222,CH
2631854,55914892,CH
2780702,55914887,CN
1735496,55914854,DS
322703,55914576,CH
558152,55912503,CH
2780591,55912496,CN
2779961,55912486,CH
2780586,55912483,CN
2780580,55912445,CN
2780579,55912442,CN
1835767,55912382,CH
2780578,55912346,CN
2780577,55912323,CN
1036798,55912144,SC
1894215,55911976,CH
2779428,55911854,CH
1842135,55912233,CH
1715007,55903994,CH
1481117,55901291,CH
1642282,55901287,CH
2779100,55901236,CH
2778655,55901158,CH
2029384,55901352,CH
116253,55868779,CH
116253,55868779,CH
2770331,55868751,CH
2776858,55868721,CH
2777333,55868584,CH
2775943,55868557,CH
2776364,55868451,CH
1587391,55868480,CH
1658050,55854975,CH
2365641,55854964,CH
2775574,55854929,CH
600627,55854792,CH
2776060,55854644,CH
2689035,55854258,CH
2750433,55854203,CH
2774794,55854085,CH
2775979,55854012,CH
2773870,55853978,CH
1064325,55854371,CN
2560637,55854259,CH
1327440,55853942,CH
1033616,55854820,CH
1064325,55854371,CN
1721472,55854707,CH
441843,55838534,CH
2774754,55838451,CH
2720592,55838387,CH
2775042,55838215,CN
1264046,55838195,CH
2774584,55834779,CH
287699,55834607,CH
2772795,55834573,CH
1901901,55834572,CH
2770812,55834513,CH
2774425,55834395,CH
2450031,55829125,CH
2730697,55829005,CH
1958701,55828997,CH
471472,55812198,CH
1535270,55812191,CH
2082911,55812145,CH
131037,55812118,CH
1734151,55812093,CH
2769595,55812073,CH
1876796,55812070,CH
6056869,55812038,CH
2762692,55812021,CH
1304190,55812039,CH
2739870,55810264,CH
2772623,55810259,CH
2739427,55810200,DS
2772025,55803874,CH
2447260,55803870,CH
2769134,55803859,CH
2771965,55803823,CH
1864303,55803809,CH
1214882,55803589,DS
2610212,55802734,DS
2737596,55802605,DS
2771424,55802092,CH
2770445,55802045,CH
2766955,55802021,CH
2732315,55801962,CH
2771526,55801943,CH
1575671,55800392,CH
2432833,55800317,CH
810886,55802089,CH
1052577,55802595,CH
783000,55798141,CH
889415,55798084,CH
2439128,55797922,CH
2677591,55795609,CH
2186588,55795571,CH
2771226,55795568,CH
2302444,55795484,CH
1549223,55795477,CH
1630405,55795601,CH
6038156,55793650,DS
2771269,55793560,CN
2770614,55790000,CH
2621616,55789953,CH
2770233,55789944,CH
1199120,55789921,CH
2547064,55789869,CH
2769903,55785450,CH
2768236,55785329,CH
1779895,55785299,CH
2770047,55785266,CH
2769630,55785239,CH
2769799,55785231,CH
2770187,55785188,CH
2767821,55785157,CH
1080486,55785134,CH
719022,55785063,CH
2769217,55785062,CH
207739,55784984,CH
1513865,55784969,CH
2770679,55784961,CH
2765816,55784949,CH
2582422,55784929,CH
277964,55785479,CH
2769116,55781893,CH
2769408,55781803,CH
2418629,55781539,CH
2056436,55768605,CH
2767642,55768595,CH
2768997,55768594,CH
2769307,55768545,CH
1985219,55768499,CH
2764099,55756222,CH
2767964,55756132,CH
2462691,55756095,CH
2116520,55747311,CH
2767245,55745292,CH
2767108,55745288,CH
2767622,55745282,CH
2767503,55745154,CH
1219468,55745121,CH
2766846,55743437,CH
2666789,55743373,CH
119240,55743316,CH
2515569,55740611,CH
2766445,55740590,CH
2744418,55740544,DS
2766994,55740466,CH
2764725,55728698,CH
2765225,55728656,CH
2763922,55719641,CH
2765063,55719574,CH
2765535,55719555,CH
2736901,55719440,CH
2761755,55719334,CH
2410680,55719557,CH
1792453,55709556,CH
2565222,55704362,CH
2756746,55704251,CH
2762522,55691922,CH
2672952,55691833,CH
436325,55691796,CH
1803446,55685266,CH
2762191,55678995,CH
2762322,55678942,CH
2761140,55678929,CH
1667430,55678926,CH
2483606,55679036,CH
686210,55674142,CH
1300396,55668407,CH
2760429,55668314,CH
2758857,55668309,CH
2318707,55668304,CH
2526351,55668206,CH
2587431,55668220,CH
2552951,55666994,CH
2760512,55659685,CH
456338,55659653,CH
508123,55659513,CH
1716948,55659681,CH
2760362,55653278,CN
2749872,55634020,CH
2298379,55633959,CH
2758160,55633833,CH
2758482,55629597,CH
2269685,55629505,CH
2757844,55629329,CH
1129122,55629299,CH
2757636,55628891,CH
848924,55628796,CH
2431197,55629568,CH
2757276,55621658,CH
2575626,55621627,CH
6010628,55621554,CH
2537232,55621549,CH
1229889,55621506,CH
2758011,55621460,CN
1756303,55621421,CH
2538221,55621375,CH
2193778,55621347,CH
2756640,55616112,CH
2757783,55616105,CH
2612541,55616061,CH
2757778,55616019,CH
123043,55614600,CH
2756986,55612546,CH
652764,55612416,CH
38479,55612367,CH
2338178,55604127,CH
2756622,55604024,CH
1646216,55603949,CH
905642,55599004,CH
1915973,55598904,CH
2749140,55597940,DS
1442007,55597921,CH
775255,55597672,CH
2756345,55597647,CN
2470350,55597831,CH
1904506,55593688,CH
2751476,55593449,CH
6099791,55591335,CH
2753767,55591252,CH
1349226,55591209,CH
1995111,55591194,CH
554502,55582289,CH
2501659,55580383,DS
2754701,55580322,CH
2755062,55580316,CN
2697037,55580251,CH
2692090,55580194,CH
2399232,55580253,CH
2508614,55582313,CH
2753464,55576544,CH
1349936,55576531,CH
1872425,55576374,CH
1000073,55576209,CH
6101642,55576178,CH
1272132,55576260,CH
427116,55569643,CH
484228,55569637,CH
2053725,55569486,CH
2247913,55569481,CH
2428404,55569559,CH
2647867,55566564,CH
2638916,55566529,CH
1831220,55566474,CH
2733198,55566443,CH
2752596,55566387,CH
964508,55566330,CH
1786389,55566240,CH
2742254,55566230,CH
2459516,55566345,CH
2747672,55553311,CH
2750849,55539062,CH
2223384,55538991,CH
2622047,55538945,CH
2738999,55538437,CH
2751871,55538416,CH
2749931,55538415,CH
1148815,55538340,CH
2709887,55538284,CH
312639,55538265,CH
2751667,55538153,CH
138175,55537572,CH
230273,55537545,CH
2342769,55538481,CH
2750581,55535502,CH
2647670,55533334,CH
965344,55533326,CH
1793784,55533278,CH
2220995,55533123,CH
2386718,55533313,CH
2751242,55528034,CN
2750526,55520423,CH
2747248,55520274,CH
2668617,55520236,CH
2162926,55520206,CH
2748747,55511724,CH
2483915,55511664,CH
2141814,55511655,CH
2748521,55511644,CH
2749184,55511584,CH
2007009,55511578,CH
2749543,55511569,CH
590133,55511496,CH
1029628,55511482,CH
2748670,55511465,CH
2749777,55511455,CH
2749062,55510503,CH
2360059,55511744,CH
1690920,55496330,CH
619322,55496212,CH
2138786,55496170,CH
2588935,55496104,CH
157556,55496058,CH
2746710,55496047,CH
2480743,55496164,CH
2576907,55496289,CH
927127,55495095,CH
2744989,55494788,CH
2748437,55494296,CH
1299063,55494217,CH
2068780,55469473,CH
2742312,55469426,CH
2671584,55469401,CH
2690171,55469369,CH
2746364,55469299,CH
701596,55441113,CH
2741353,55403096,CH
2726322,55403079,CH
1744359,55397984,CH
2739695,55397965,CH
1720023,55397820,CH
1042621,55397889,CH
2622142,55397943,CH
2542148,55391835,CH
2025922,55391762,CH
2736761,55376078,CH
1628444,55376026,CH
2736220,55375945,CH
1329060,55375893,DS
2428573,55375883,CH
2225676,55375858,CH
2509487,55375827,CH
2575588,55368249,CH
2330220,55368091,CH
2734738,55367139,CH
2734738,55367139,CH
1299795,55367131,CH
1465290,55364640,CH
2737930,55364609,CH
337577,55364481,CH
2581227,55363342,CH
2444753,55363379,CH
1665819,55355155,CH
29255,55355137,CH
2737371,55355116,CH
1521289,55355083,CH
324274,55337169,CH
742058,55337103,CH
602677,55337058,CH
1523664,55337029,CH
2735471,55328620,CH
2735406,55328396,CH
2612006,55328456,CH
2279111,55324194,CH
2576544,55324129,CH
2734052,55324031,CH
744302,55324279,CH
6067583,55324265,CH
2141010,55315543,CH
2692651,55315418,CH
1752957,55315364,CH
112291,55306273,CH
2371482,55306205,CH
2732741,55299220,CH
2732252,55299196,CH
2730857,55299130,CH
2730847,55299110,CH
2718608,55284308,DS
200731,55284236,CH
1126669,55284221,CH
2731762,55284202,CH
2620476,55284154,CH
2730233,55284122,CH
2590118,55278662,CH
1444310,55278653,CH
1712494,55278502,CH
2313390,55278491,CH
2609490,55278350,CH
2144147,55265177,CH
2729836,55265151,CH
2703098,55265137,CH
2729732,55262836,CH
1063719,55262830,CH
2726358,55262829,CH
1729077,55262793,CH
2729213,55262703,CH
1532247,55262698,CH
2728155,55262604,CH
2497082,55262592,CH
1806784,55258021,CH
2727095,55258007,CH
2728267,55257972,CH
2728527,55257869,CH
1721657,55257861,DS
2711723,55257806,CH
6071109,55258027,CH
2728098,55252366,CH
2727576,55252236,CH
2727995,55252162,CH
1951784,55251834,CH
2198151,55251833,CH
2728721,55251772,CH
2180205,55251735,CH
2727045,55251660,CH
6077472,55247577,CH
1578580,55247543,CH
911985,55247538,CH
1855603,55247518,CH
2728331,55247463,CH
2622538,55240655,CH
2086022,55240642,CH
2726797,55230773,CH
2725085,55230754,CH
1706007,55230728,CH
2722408,55230702,CH
2726940,55230691,CH
2727116,55230677,CH
2727080,55230672,CH
2721817,55230594,CH
439856,55230476,CH
2266137,55229476,CH
2724786,55215679,CH
2725563,55215647,CH
2493411,55215591,CH
2721915,55215580,CH
1347331,55215513,CH
2724391,55215501,CH
2110601,55206120,SC
2723149,55202874,CH
2049923,55202867,CH
2724682,55202709,CH
2283714,55202623,CH
1421228,55202567,CH
2724222,55202561,CH
2723622,55193956,CH
2721734,55193868,CH
2723136,55193827,CH
2225121,55193794,CH
2082739,55193749,CH
1435070,55193658,CH
2722670,55193616,CH
1864887,55193557,CH
804637,55179303,CH
2722943,55176013,CH
2720743,55175820,CH
2721959,55174888,CH
1848921,55174887,CH
2721614,55174883,CH
2721788,55174862,CH
2721043,55174818,CH
2712224,55174746,CH
2338376,55174693,CH
2695594,55166427,CH
2720859,55166307,CH
2720957,55166294,CH
2722073,55166273,CH
2718956,55164248,CH
6051004,55164057,CH
615774,55160524,CH
2721521,55160317,CN
1270890,55160301,CH
1226295,55160296,CH
2285278,55153749,CH
1181320,55153685,CH
860275,55153613,CH
2719578,55153601,CH
2334340,55148222,CH
2718680,55148157,CH
1129201,55147511,CH
2720256,55147450,CH
2720560,55147335,CN
1382624,55146659,CH
2669062,55146579,CH
2481664,55146573,CH
2626624,55146304,CH
2555027,55146409,CH
2196203,55147993,CH
1294482,55143552,CH
2719760,55143541,CH
2717755,55143536,CH
2718185,55143525,CH
2719269,55143474,CH
2720276,55143465,CN
2719108,55143353,CH
2544210,55143239,CH
2497145,55143180,CH
1514427,55143156,CH
2719169,55143112,CH
552361,55143011,CH
6078742,55142424,CH
2718968,55142402,CH
2714664,55142278,CH
2719305,55142264,CH
2720145,55142198,CN
254176,55142948,CH
2718109,55138118,CH
129818,55137881,CH
2376732,55137878,CH
2717255,55136591,CH
2311336,55136536,CH
2553285,55136497,CH
2571715,55136457,CH
2718720,55136369,CH
2270370,55136365,CH
2691429,55136319,CH
2481969,55138019,CH
1118216,55126270,CH
1012887,55126215,CH
994557,55126206,CH
2717998,55120777,CH
427715,55120633,CH
2283949,55120589,CH
2717113,55110754,CH
1215387,55095963,CH
2715177,55095950,CH
2712127,55095936,CH
2651509,55095905,CH
2715383,55095779,CH
2715777,55095719,CH
131017,55087636,CH
2714164,55087518,CH
2675709,55087513,CH
2707050,55082324,CH
2360922,55082283,CH
2712553,55082173,CH
2713494,55081641,CH
2710454,55081540,CH
2714048,55081530,CH
2604973,55081472,CH
2714430,55081402,CH
2655484,55082187,CH
1118769,55070281,CH
2713689,55070161,CH
1579267,55070129,CH
2445150,55070124,CH
2713324,55070120,CH
2618337,55056914,CH
2607656,55056777,CH
2709821,55056753,CH
1135926,55051372,CH
446904,55051246,CH
1037970,55043034,CH
2711514,55043006,CH
2708969,55042963,CH
2710015,55042825,CH
2545869,55042818,CH
996799,55035996,CH
2710933,55035979,CH
254859,55035951,CH
1470970,55035948,CH
627384,55035938,CH
2709143,55035925,CH
2708739,55035921,CH
2387006,55035825,CH
2019289,55029677,CH
1833844,55006066,CH
2592749,55006045,CH
2708194,55006027,CH
628163,55002051,CH
1557092,55001844,CH
2705234,55001780,CH
6051595,55000663,CH
2059775,55000649,CH
925101,55000481,CH
1969741,55000432,CH
2706844,55000403,CH
2706536,54994103,CH
2706642,54994070,CH
2705439,54986142,CH
2592616,54986009,CH
2705278,54967622,CH
2696829,54967601,DS
1618290,54967496,CH
2702493,54953743,CH
2703607,54953734,CH
2704484,54953630,CH
2549624,54952806,CH
2549624,54952806,CH
1197419,54952678,SC
2703324,54938429,CH
2691408,54935718,CH
2690594,54935704,CH
1719577,54935694,CH
1196375,54935687,CH
152920,54935608,CH
2333220,54935598,CH
2691480,54935586,CH
2690541,54935569,CH
2691454,54935542,CH
2690577,54935523,CH
2701625,54934030,CH
1588601,54933972,CH
2702726,54933969,CH
2100115,54933936,CH
2702240,54933919,CH
1814696,54933882,CH
2696049,54933773,CH
2700870,54933745,CH
2696564,54927197,CH
2702120,54927170,CH
2117333,54927126,CH
2248319,54927069,SC
2701236,54925135,CH
2701124,54925089,CH
2668046,54923180,CH
2701269,54922885,CH
2656480,54903759,CH
2699670,54900833,CH
2291183,54900827,CH
2693684,54875868,CH
2697446,54873559,CH
2697368,54873174,CH
2696580,54859938,CH
2694935,54851309,CH
2694726,54851300,CH
1609508,54851275,CH
1597249,54851225,CH
2691415,54851070,CH
2695527,54849144,CH
2694030,54849105,CH
2695311,54847277,CH
2694256,54846085,CH
2691791,54845924,CH
2693642,54845851,CH
2692488,54845823,CH
899776,54837593,CH
2017215,54837580,CH
2695273,54837551,CN
2694952,54837493,CH
2694393,54837484,CH
2312050,54837479,CH
2542927,54837475,CH
1801430,54837466,CH
2324354,54837426,CH
2202611,54821210,CH
1948381,54820760,CH
2693683,54820717,CN
230066,54820501,CH
2436572,54820581,CH
936708,54788553,CH
2689449,54788457,CH
2509750,54788455,CH
1053255,54788433,CH
2469309,54788432,CH
2686857,54788370,CH
2690071,54788369,CH
2689104,54781116,CH
2043800,54780960,CH
2689837,54779928,CH
2687915,54779873,CH
2688442,54779834,CH
2688073,54779816,CH
2117058,54779804,CH
2688801,54779783,CH
2688061,54779746,CH
2688694,54775606,CH
2688084,54767227,CH
2627417,54764513,DS
2687094,54764489,CH
2595204,54760247,CH
1127889,54760193,CH
2686823,54760143,CH
6086787,54760142,CH
2688860,54760057,CH
1354810,54716810,CH
1427623,54716788,CH
2680613,54716742,CH
1858050,54716717,CH
2685464,54714815,CH
1895420,54714730,CH
2682490,54714670,CH
2682485,54714652,CH
2170401,54714549,CH
2682452,54714547,CH
2682462,54714534,CH
2682294,54714511,CH
596213,54711290,CH
2684152,54711125,CH
6090219,54711006,CH
2461416,54710959,CH
2682666,54710923,CH
2678272,54706828,CH
311257,54703999,SC
424507,54703819,CH
2683882,54703685,CH
2683838,54703614,CH
6049002,54702292,CH
2683973,54702226,CH
2683316,54702213,CH
2538250,54686013,CH
2403305,54685986,CH
2680905,54659955,CN
2677737,54656949,CH
2102411,54656919,CH
998112,54656849,CH
2305867,54656797,CH
2161690,54656756,CH
2680260,54656723,CH
2445466,54656590,CH
2676192,54656585,CH
2679627,54656522,CH
1801087,54656445,CH
1323179,54656252,CH
1253707,54656165,CH
2678965,54634757,CN
340667,54634729,SC
2677874,54634633,CH
2677057,54634526,CH
1196221,54615299,CH
2354127,54615107,CH
2583890,54609810,CH
1771905,54609714,CH
1938154,54583237,CH
1600649,54582882,CH
1872709,54582790,CH
2672821,54580242,CH
323703,54580060,CH
2672439,54573279,CH
1199801,54573142,CH
2672448,54569962,CH
2466213,54569848,CH
2671543,54567305,CH
2669645,54567290,CH
2671690,54567253,CH
2672350,54567233,CH
659672,54567182,CH
2671442,54567134,CH
2670536,54554773,CH
1123421,54554772,CH
2006136,54554539,CH
2669800,54534898,CH
1362818,54534721,CH
494580,54534612,SC
1619059,54531137,CH
1818535,54531042,CH
2670007,54531038,CH
512650,54530998,SC
771883,54530884,CH
2669728,54530876,CH
867200,54530826,CH
2668928,54527889,CH
2669071,54527834,CH
2433280,54527657,CH
2591899,54522207,DS
1519297,54522102,CH
2662850,54522009,CH
1153721,54521991,CH
2668677,54521507,CH
1056709,54521442,CH
2667860,54521401,CH
2531513,54521379,CH
2669088,54521325,CH
2192544,54521407,CH
2549026,54514650,CH
2667352,54514620,CH
1939854,54514597,CH
2663038,54495902,CH
2663066,54495889,CH
335546,54495873,CH
2667393,54495789,CH
2666575,54495759,CH
2665592,54495739,CH
1538786,54487814,CH
2665994,54483904,CH
1357262,54483714,CH
2662976,54483705,CH
2663651,54466022,CH
1895617,54465961,CH
1486220,54465929,CH
2664818,54464707,CN
1025657,54455889,CH
2187549,54455806,CH
1283342,54455797,CH
2211014,54455618,CH
2493732,54447916,CH
2661249,54447857,CH
2558449,54447626,CH
2424916,54434906,SC
1894296,54414001,CH
2360599,54413652,CH
1354711,54410478,CH
1083503,54406924,CH
2650776,54403274,CH
2495787,54403028,CH
1724835,54401924,CH
2656497,54401919,CH
2223547,54401862,CH
2223547,54401862,CH
789646,54401807,CH
2656150,54401690,CH
2658564,54401603,CN
908548,54392481,CH
2655945,54392277,CH
2318533,54392147,CH
1727234,54392130,CH
2559446,54387942,CH
1217854,54387750,CH
2437762,54383028,CH
2652644,54382959,CH
2655508,54382822,CH
1485449,54378625,CH
2068371,54372592,CH
2647348,54369628,CH
2654445,54369568,CH
2652195,54369556,CH
2653364,54369555,CH
1859356,54369495,CH
2407012,54364831,CH
537892,54364665,CH
148510,54364536,CH
623522,54364527,CH
2652503,54364458,CH
2648712,54364436,CH
217658,54364357,CH
2653042,54359092,CH
2617668,54341145,CH
2650338,54336286,CH
2620126,54325907,CH
2649654,54306522,CN
2646473,54305532,CH
2648553,54305458,CH
2421743,54305209,DS
1290877,54301280,CH
1730293,54301252,CH
443419,54288146,DS
1286122,54288133,CH
2398934,54288048,DS
166116,54288015,CH
1189863,54287311,CH
2504940,54287277,CH
2642223,54275113,CH
2645053,54274989,CH
693774,54274880,CH
2646775,54274854,CN
2565730,54274199,CH
2107946,54274130,CH
2642765,54274014,CH
1510515,54272962,CH
2299253,54272944,CH
2579133,54272913,CH
2009438,54272873,CH
2646395,54272104,CN
2175098,54272076,CH
2019814,54272016,CH
2643626,54265312,CH
2021620,54265211,CH
2150764,54265195,CH
2378863,54260767,CH
2643341,54260626,CH
2634921,54260624,CH
2632952,54254682,CH
2643984,54254414,CH
2156520,54254032,CH
2644742,54253666,CN
2087388,54253463,CH
2634024,54253442,CH
1695550,54251913,CH
2596902,54251912,CH
2634991,54251790,SC
2302083,54249348,CH
2612096,54249311,CH
2644402,54249263,CN
1680774,54249249,CH
2454595,54249212,CH
2643775,54249083,CH
2641790,54249054,CH
2642882,54247211,CH
2640277,54247116,CH
2644119,54246727,CN
2643080,54246562,CH
948561,54246483,CH
2233468,54227183,CH
2634291,54227182,CH
2233466,54227179,CH
2230648,54227169,CH
2229004,54227164,CH
2228997,54227163,CH
34741,54223278,CH
892343,54220129,CH
1020848,54219970,CH
2634958,54219906,CH
2638073,54219846,CH
2640290,54219770,CH
2216981,54218198,CH
2132108,54208652,CH
2638183,54208575,CH
2607943,54208492,CH
2026840,54200469,CH
2634127,54200396,CH
2638162,54200337,CH
2611822,54200274,CH
2638370,54200091,CH
6048721,54200312,CH
2638282,54190904,CN
1011316,54190854,CH
974967,54190790,CH
2637539,54185064,CH
1725748,54185013,CH
1874340,54184920,CH
2637033,54184864,CH
2636720,54184642,CH
6070291,54186049,CH
1789458,54179604,CH
1635894,54165713,CH
2376755,54165672,CN
2376755,54165672,CN
1851986,54158262,CH
1616454,54158234,CH
2100634,54158162,CH
2634073,54154784,CH
2631242,54154751,CH
2525951,54154722,CH
2009971,54154706,CH
2409553,54150490,CH
2634185,54150462,CN
156672,54150330,CH
1091584,54150285,CH
276743,54147838,CH
543712,54139260,CH
2176026,54139252,CH
304369,54138956,CH
2378798,54139214,CH
2627495,54104584,CH
2628019,54104551,CH
2627816,54104545,CH
2629642,54104543,CH
2627859,54104531,CH
48179,54102355,CH
1368950,54102195,CH
2629327,54102189,CN
2623962,54102077,CH
2627229,54102074,CH
1281784,54104472,CH
1197901,54099919,CH
2624621,54099814,CH
2629075,54099794,CN
365933,54098276,CH
959891,54095938,CH
1813513,54095473,CH
2626637,54095334,CH
2624453,54086462,CH
2318282,54086460,CH
2601801,54086403,CH
2551162,54086382,CH
1338818,54086288,CH
2626286,54083610,CH
2248651,54083538,CH
2625865,54083508,CH
1256328,54083043,CH
2625975,54082902,CH
1504361,54054941,CH
2150264,54045425,CH
2619262,54045422,CH
1414280,54045233,CH
2405152,54045204,CH
2620274,54045079,CH
2620999,54044901,CH
2622767,54044754,CH
1961398,54045078,CH
2183567,54038740,CH
2183566,54038715,CH
2068636,54038620,CH
2616650,54038577,CH
2614567,54038559,CH
2602476,54028557,CH
2618833,54028393,CH
2618240,54028389,CH
2619301,54027002,CH
2619488,54026954,CH
2619068,54024771,CH
2121477,54024615,CH
2619099,54024575,CH
2618867,54013867,CH
2618150,54006284,CH
503168,54006238,CH
1545152,53991686,CH
1892248,53991670,CH
1874774,53991505,CH
1822628,53991490,CH
1792692,53991475,CH
1757021,53991462,CH
1705540,53991455,CH
1706052,53991447,CH
1707885,53991418,CH
1707785,53991411,CH
1707658,53991405,CH
2390261,53991398,CH
1705837,53991385,CH
1934036,53973117,CH
2572574,53972849,CH
2151317,53972586,CH
2613361,53969130,CH
1670580,53956884,CH
634677,53956883,CH
1317129,53956839,CH
2613660,53956823,CH
2309859,53956690,CH
2145138,53956752,CH
2157008,53956759,CH
2165031,53956763,CH
2067452,53956791,CH
1462792,53956809,CH
685655,53956818,CH
1828242,53956841,CH
908382,53956905,CH
1531879,53950070,CH
2180134,53950066,CH
2613334,53945127,CN
30595,53942193,CH
455729,53941283,CH
2608543,53914562,CH
954545,53914551,CH
2607759,53914525,CH
2608541,53914518,CH
798259,53914464,CH
2606754,53914299,CH
1903292,53911842,CH
2608590,53902659,CH
2608590,53902659,CH
2607241,53902610,CH
2326050,53902487,CH
2606263,53888575,CH
2606726,53888547,CH
542498,53888473,CH
2606632,53888376,CH
2606096,53888313,CH
470200,53888192,CH
133934,53887639,CH
1721031,53887578,CH
1211211,53887574,CH
2367275,53887526,CH
2607486,53887397,CN
2605723,53886522,CH
6051484,53886302,CH
2605613,53886278,CH
1897003,53884807,CH
482101,53884783,CH
226869,53876677,CH
1781256,53876207,CH
2605384,53871891,CH
1170907,53871829,CH
2605405,53869218,CH
2603551,53854988,CH
2602129,53832060,CH
2589279,53830355,CH
647726,53830196,CH
612099,53830194,CH
2601709,53830154,CH
1015486,53828955,CH
522536,53828906,CH
1223576,53817282,CH
702999,53793211,CH
2596394,53793203,CH
2598602,53793192,CH
2551676,53793170,CH
2599404,53793067,CN
2594898,53793053,CH
1240546,53793048,CH
2598423,53793043,CH
2176834,53785793,CH
624273,53785712,CH
2596373,53785683,CH
2502868,53771923,CH
2597110,53771889,CH
2257293,53771772,CH
2594892,53748043,CH
1326414,53747827,CH
2591248,53747778,CH
2421514,53747678,CH
2594577,53747569,CH
2593523,53738843,CH
2593016,53738683,CH
2593596,53738585,CH
2355417,53738546,CH
127961,53738517,CH
1696234,53728174,CH
387246,53715579,CH
2191905,53715578,CH
2381226,53715571,CH
1017941,53715443,CH
2591301,53712724,CH
1935779,53712713,CH
2591291,53712706,CH
2591351,53712601,CH
2590121,53712493,CH
1542739,53706850,CH
2087186,53700744,CH
2587714,53694671,CH
2316827,53694342,CH
2218089,53684899,CH
2369981,53684897,CH
2585356,53684881,CH
2589216,53684866,CN
2588122,53684856,CH
1626234,53684824,CH
2588677,53684812,CH
2582902,53684807,CH
2588465,53684782,CH
2588185,53684750,CH
1355641,53683196,CH
2588172,53683120,CH
2587868,53683095,CH
2587365,53682965,CH
1506128,53682402,CH
1606237,53682401,CH
1606193,53682393,CH
1372129,53682384,CH
1268963,53682374,CH
6103338,53682412,CH
2232925,53675504,CH
1018499,53675458,CH
2587490,53675352,CH
1524065,53671409,CH
1904176,53671382,CH
2586361,53671260,CH
2587384,53671249,CH
25267,53671223,CH
644332,53670869,CH
2576841,53591971,CH
2406706,53591878,CH
2579099,53576283,CN
2579079,53576114,CN
2577768,53576057,CH
2576471,53573907,CH
2578039,53573864,CH
2576419,53573813,CH
2576410,53573737,CH
2576699,53573711,CH
1350465,53573684,CH
2578347,53573678,CH
2569676,53573656,CH
2577710,53573643,CH
1730926,53573640,CH
2443425,53556213,CH
2574301,53556186,CH
1982546,53526193,CH
2570038,53486041,CH
2120012,53486018,CH
560655,53485995,CH
2570805,53485805,CH
2568637,53483160,CH
2501809,53468671,CH
444050,53457681,CH
2566235,53441241,CH
2567008,53440971,CH
1613624,53437588,CH
831333,53432702,CH
2371094,53432583,CH
2563903,53432576,CH
1946876,53432536,CH
2565839,53432516,CH
2508627,53432259,CH
2565805,53431283,CH
2565550,53429527,CH
2560909,53429520,CH
2565780,53429503,CH
2564150,53410110,CH
2564314,53410010,CH
372103,53404518,CH
531887,53380702,CH
456830,53380523,CH
2283929,53373199,CH
2559934,53371305,CH
1060011,53371248,CH
768801,53361313,CH
2501859,53360945,CH
2558456,53348492,CH
2144457,53346905,CH
577837,53346737,CH
6098310,53346725,CH
1569113,53329465,CH
2557175,53329069,CH
363810,53318838,CH
1499794,53315552,CH
2554727,53315535,CH
2533898,53315416,CH
820846,53315318,CH
2555339,53313492,CH
2554816,53313445,CH
2554050,53312233,CH
708368,53312073,CH
2555197,53312007,CH
2554431,53309395,CH
1288154,53304959,CH
129000,53304810,CH
1680094,53292344,CH
1874020,53292252,CH
2545777,53288780,CH
2553810,53288650,CH
2553792,53288645,CH
1357025,53279399,CH
2316343,53279264,CH
197039,53279173,CH
2551635,53279132,CH
1159438,53278466,CH
2419533,53278427,CH
347876,53276642,CH
912831,53276590,CH
2197880,53263155,CH
2551448,53263105,CH
2379198,53263017,CH
2306359,53261089,CH
2548498,53232355,CH
1627175,53232317,CH
845573,53232308,CH
2366124,53232232,CH
1095586,53232227,CH
1871957,53232158,CH
2546185,53228422,CH
2547484,53228361,CH
736611,53228273,CH
2547051,53222382,CH
2544126,53196297,CH
293017,53174511,CH
812353,53168336,CH
2542870,53168248,CH
2542875,53168212,CH
873718,53167810,CH
2543368,53167745,CH
875867,53167726,CH
1504650,53155068,CH
2541723,53154982,CH
2225430,53144027,CH
2536227,53111111,CH
2537871,53111063,CH
2538134,53111003,CH
2538665,53110867,CH
2537739,53106948,CH
1891016,53090173,CH
2536340,53090156,CH
2536712,53090122,CH
923471,53075736,CH
2298837,53073557,CH
6061398,53073541,CH
2534626,53073445,CH
2301969,53073383,CH
1993843,53073369,CH
2528647,53073356,CH
280058,53069097,CH
2142074,53068946,DS
514557,53067263,CH
206356,53067250,CH
2531562,53062604,CH
2532928,53062335,CH
2287943,53061777,CH
2532350,53052557,CH
2531288,53039753,CH
6043248,53033277,CH
1953769,53033229,CH
2531778,53033065,CH
1306709,53031507,CH
2355331,53031280,CH
694330,53022162,CH
2531056,53021981,CH
2530676,53021899,CH
2529844,53016134,CH
368676,53016096,CH
2525739,53016037,CH
319067,53004573,CH
1128467,53004431,CH
2528588,52991291,CH
1860408,52991277,CH
2527523,52991237,CH
2265183,52991235,CH
1414648,52991217,CH
1848280,52991144,CH
711035,52991100,CH
2527903,52990940,CH
2528210,52990881,CH
1890952,52990879,CH
2528506,52990581,CH
961049,52980979,CH
2359695,52980704,CH
1191560,52954440,CH
2475600,52950029,CH
2524962,52947171,CH
2522632,52947148,CH
2519574,52947144,CH
2519151,52947101,CH
311093,52946033,CH
2524220,52944963,CH
2499639,52944953,CH
2524200,52944913,CH
2276385,52946047,CH
2521939,52922725,CH
1102822,52922619,CH
2521779,52914793,CH
2515900,52914614,CH
305126,52900798,CH
2519601,52900693,CH
2203864,52889705,CH
2028656,52884440,CH
915143,52884396,CH
1942535,52884375,CH
2189726,52837515,CH
144749,52822044,CH
665224,52816924,CH
1748364,52816912,CH
2511627,52816905,CH
2495889,52816753,CH
569414,52816751,CH
1921257,52816725,CH
1921257,52816725,CH
2406561,52816518,CH
2513401,52816401,CH
2513359,52816314,CH
1592645,52816304,CH
2486585,52816219,CH
932461,52816206,CH
2513014,52808488,CH
1360946,52808444,CH
1978459,52801819,CH
1741674,52801741,CH
2419559,52801650,CH
2478793,52801535,CH
6103186,52789833,CH
2493147,52789816,CH
2509532,52789758,CH
1336225,52789456,CH
217010,52788359,CH
2508767,52788000,CH
2510338,52787801,CH
1920394,52787738,CH
653530,52777697,CH
2509272,52777639,CH
1315764,52777439,CH
2509756,52773755,CH
1840073,52773459,CH
2271810,52773435,CH
2510630,52773383,CN
1379186,52772560,CH
2509155,52772330,CH
2508204,52768302,CH
2510193,52768147,CN
2480224,52761740,CH
2508236,52761737,CH
2480225,52761730,CH
2353798,52761659,CH
1197528,52761622,CH
2335519,52760588,CH
2508561,52760458,CH
2366706,52760377,CH
2480174,52760275,CH
414717,52746664,CH
2475843,52736368,CH
2500785,52720717,CH
1629484,52716280,CH
2504137,52716162,CH
2396386,52716109,CH
830406,52713135,CH
328136,52712991,CH
1093293,52712932,CH
2501690,52712849,CH
2499554,52710399,CH
1384840,52710194,CH
775174,52704116,CH
721763,52702147,CH
2345018,52702144,CH
242480,52701281,CH
2474226,52679949,CH
2198886,52674484,CH
2259043,52662194,CH
2442027,52662132,CH
2489775,52662117,CH
1511657,52661993,CH
946042,52654558,CH
418318,52626030,CH
2303593,52626010,CH
1845895,52625994,CH
944953,52624387,CH
6094928,52624359,CH
1229478,52611991,CH
2495494,52611797,CH
2496079,52611671,CH
1959956,52610708,CH
1532530,52589513,CH
1028025,52571535,CH
2488158,52571306,CH
264911,52561953,CH
1693496,52561898,CH
2491192,52559224,CH
2490907,52559148,CH
2491199,52559007,CH
2491555,52558973,CH
2491085,52558855,CH
828286,52555967,CH
1694066,52555887,CH
173889,52537480,CH
2247651,52524501,CH
1982797,52518821,CH
1475862,52518652,CH
655170,52512347,CH
1559713,52512331,CH
2486430,52512198,CH
2483132,52512154,CH
2487682,52508576,CH
2137584,52508572,CH
2486996,52508491,CH
2486399,52508428,CH
2483557,52508427,CH
2486374,52508343,CH
2007338,52508309,CH
1055738,52506762,CH
838186,52504124,CH
1658973,52475714,CH
2053749,52475704,CH
2480644,52449558,CH
2319357,52448692,CH
295719,52448410,CH
1026946,52448047,CH
578633,52448016,CH
2478202,52448002,CH
2480630,52447809,CH
2479611,52447774,CH
1334655,52447720,CH
2481065,52447677,CH
2477507,52418245,CH
2476847,52417077,CH
1842595,52413887,CH
2309903,52413694,CH
2476804,52407485,CH
2477083,52407243,CH
2476104,52396256,CH
2474520,52396125,CH
1466397,52396101,CH
2476496,52392853,CH
2476486,52392817,CH
1202305,52392741,CH
2474818,52392704,CH
2475354,52392614,CH
1454307,52387377,CH
6100821,52381008,CH
160981,52380898,CH
1735913,52378527,CH
551766,52362918,CH
1788328,52362708,CH
2038128,52342499,CH
1937370,52342257,CH
1116617,52335920,CH
279771,52335869,CH
1440754,52335839,CH
1695749,52335746,CH
2470767,52334244,CH
2471313,52334189,CH
2471478,52334110,CH
2276871,52334076,CH
2468797,52319449,CH
944844,52315997,CH
2469564,52315827,CH
704484,52302275,CH
2015858,52297900,CH
6077530,52297699,CH
528652,52297417,CH
2467560,52291786,CH
2068912,52291696,CH
2467659,52284856,CH
2463749,52266225,CH
458178,52265974,CH
375059,52265968,CH
1425969,52262675,CH
220116,52260275,CH
823102,52259984,CH
1317242,52254797,CH
2464775,52254736,CH
2465038,52254659,CH
1983260,52254653,CH
820651,52231077,CH
343932,52231027,CH
111426,52184780,CH
1614357,52184421,CH
2458037,52175293,CH
2449800,52175167,CH
2454824,52174574,CH
2147413,52174439,CH
263844,52174386,CH
1562447,52174354,CH
2314521,52164770,CH
2453344,52163936,CH
2257633,52163858,CH
2454697,52163811,CH
665097,52163806,CH
2163539,52163755,CH
375421,52163734,CH
2445854,52154959,CH
2453271,52154405,CH
2455189,52145048,CH
1433317,52144733,CH
732604,52144727,CH
2452402,52143301,CH
2452677,52143292,CN
2455652,52143226,CH
1341248,52132448,CH
2452321,52132401,CH
2447406,52132348,CH
2454264,52132270,CH
2436005,52114632,CH
2448216,52114454,CH
2451560,52114386,CH
703238,52114362,CH
2450629,52109875,CH
660005,52109787,CH
1206013,52109709,CH
2449678,52109655,CH
1732368,52109606,CH
2452108,52097653,CH
2448977,52089113,CH
2449250,52082783,CH
6035396,52054696,CH
2446983,52054667,CH
2141245,51991684,CH
1859924,51991584,CH
6096663,51991393,CH
2041460,51981410,CH
2441355,51981328,CH
2441352,51981322,CH
2441344,51981314,CH
2441339,51981303,CH
212347,51940977,CH
1989417,51940897,CH
2408128,51917582,CH
2433737,51917547,CH
1603256,51917523,CH
1710286,51917521,CH
2427588,51917458,CH
1949101,51917133,CH
6104166,51919492,CH
2430158,51896080,CH
2393575,51866834,CH
2430556,51866779,CH
2431288,51865877,CN
1780512,51865781,CH
1960962,51865199,CH
792297,51862765,CH
535288,51862728,CH
282197,51862671,CH
2428759,51850997,CH
1060793,51845685,CH
522159,51840344,CH
1292291,51840241,CH
2424630,51840228,CH
1212083,51832621,CH
2041228,51832602,CH
1774844,51832597,CH
1774842,51832580,CH
466867,51832453,CH
846326,51832334,CH
1387789,51829245,CH
1732748,51822932,CH
1242500,51822855,CH
121217,51809247,CH
1946002,51807172,CH
1429620,51789401,CH
345079,51789388,CH
414437,51789288,CH
985132,51784782,CH
2422652,51780980,CH
2417320,51779507,CH
1973536,51779482,CH
678474,51700078,CH
1186735,51700021,CH
1986807,51699967,CH
836217,51699953,CH
209808,51699843,CH
2374138,51699736,CH
1818411,51695892,CH
2413422,51695713,CH
2414417,51681436,CH
282925,51681318,CH
243455,51675748,CH
915427,51675402,CH
2096459,51672919,CH
238037,51672834,CH
344875,51672808,CH
2304588,51672644,CH
2412497,51667046,CH
2413075,51661966,CH
784465,51661960,CH
2412980,51661955,CH
151265,51661888,CH
574794,51659910,CH
2412544,51659882,CH
2404714,51659846,CH
2410967,51650386,CH
512539,51650219,CH
839140,51639365,CH
2410884,51623373,CN
2409478,51619372,CH
2338429,51619231,CH
1668027,51619140,CH
2409789,51619107,CH
2405361,51605854,CH
2404864,51592375,CH
6070645,51592346,CH
2402288,51582679,CH
2154111,51582673,CH
2406274,51582663,CH
2240433,51554363,CH
2401250,51553233,CH
2364780,51553129,CH
2404541,51552717,CH
1261879,51542195,CH
1550153,51535802,CH
1062651,51525406,CH
2393973,51525379,CH
1381885,51523579,CH
2381421,51522842,CH
2377059,51503796,CH
2399952,51503713,CH
1004059,51497120,CH
110874,51496938,CH
2394982,51486236,CH
1885700,51427780,CH
391890,51423553,CH
2385492,51423406,CH
865890,51423365,DS
1851966,51423347,CH
2390254,51423315,CH
1102328,51414234,CH
2391388,51412991,CH
675964,51412871,CH
2391481,51412816,CH
2391025,51412744,CH
2264580,51412682,CH
2330026,51402394,CH
2387087,51402205,CH
956128,51402196,CH
2388699,51395597,CH
1842382,51386974,CH
794017,51381832,CH
548930,51381430,CH
2380782,51361515,CH
2381749,51346821,CH
474484,51331038,CH
710894,51314567,CH
2381613,51314307,CH
2381021,51314303,CH
126939,51314282,CH
669884,51314233,CH
284927,51308901,CH
2380430,51301637,CH
821201,51301495,CH
2368200,51301455,CH
2378657,51290346,CH
2196382,51285070,CH
1022226,51278658,CH
1522461,51266289,CH
2282809,51266227,CH
2069573,51266215,CH
2251102,51263494,CH
1499384,51263460,CH
1117028,51263394,CH
2376004,51263337,CH
1863634,51263313,CH
2374510,51241655,CH
2279169,51241579,CH
2279169,51241579,CH
2371427,51224852,CH
2372819,51224805,CH
2371807,51224605,CH
2371236,51224495,CH
2373763,51208784,CN
1221456,51208546,CH
2372077,51208515,CH
454955,51201927,CH
2371168,51201880,CH
2371530,51201849,CH
720003,51201847,CH
2369711,51178430,CH
6105094,51174530,CH
2367548,51172838,CH
1395886,51172833,CH
1089171,51172779,CH
390957,51163832,CH
621945,51163737,CH
2317207,51163716,CH
1905860,51163699,CH
172418,51159754,CH
670436,51149317,CH
2364464,51148614,CH
2364453,51148593,CH
2362408,51125529,CH
1012937,51115203,CH
1914198,51115202,CH
1342029,51100933,CH
902471,51080474,CH
2355479,51065839,CH
1785476,51057219,CH
1769732,51057206,CH
2354173,51044219,CH
1530478,51044215,CH
1512180,51017900,CH
2352660,51014477,CH
2244830,51014360,CH
2353463,51014285,CH
2350476,51007488,CH
2351380,51007441,CH
2352892,51007327,CH
580704,51003222,CH
2148051,51003147,CH
2349469,50996629,CH
2350884,50996582,CH
1729391,50996285,CH
2347815,50993826,CH
2348302,50993667,CH
635933,50989005,CH
1666650,50984857,CH
2348257,50973426,CH
2009585,50966756,CH
213182,50966655,CH
2350630,50966633,CN
2347104,50966603,CH
1275465,50966586,CH
1878596,50945020,CH
861849,50937416,CH
2342761,50937237,CH
2345961,50937203,CH
2344540,50919297,CH
2343810,50914286,CH
343723,50914179,CH
971379,50882153,CH
2311303,50882072,CH
708218,50881210,CH
1791749,50876821,CH
2339848,50876614,CH
2341300,50872014,CH
2340332,50871912,CH
1944607,50827291,CH
2272926,50776989,CH
2337247,50770627,CH
2334888,50740202,CH
439816,50733334,CH
1072062,50717903,CH
2334176,50714871,CH
1221252,50714734,CH
2333076,50687177,CH
2270365,50687101,CH
2330716,50643361,CH
718775,50643346,CH
2033500,50643122,CH
1839714,50643264,CH
1038635,50643315,CH
360966,50639460,CH
1697847,50639394,CH
2216720,50634084,CH
2329605,50632601,CH
1491536,50632757,CH
953169,50633861,CH
2329713,50624000,CH
394455,50623795,CH
2242994,50619506,CH
6098238,50616813,CN
2328577,50608405,CH
2328007,50599990,CH
2323974,50599877,CH
2323621,50574046,CH
587621,50557933,CH
236602,50555726,CH
2325185,50555672,CH
6054048,50552423,CN
1227194,50544062,CH
2324712,50543814,CH
2324179,50534689,CH
1204586,50534638,CH
1484899,50534607,CH
2293684,50522467,CH
2322595,50521246,CH
131039,50521140,CH
1627471,50499027,CH
318336,50499008,CH
989702,50467317,CH
2320828,50466697,CH
2320315,50466606,CH
945819,50466590,CH
2320237,50466466,CH
996670,50467422,CH
2320677,50463529,CH
2320440,50463458,CH
2302153,50438483,CH
347430,50434629,CH
2319747,50434585,CH
2319742,50434575,CH
2319736,50434563,CH
2319730,50434524,CH
2319728,50434515,CH
2319725,50434502,CH
2319724,50434492,CH
2319722,50434468,CH
2319721,50434460,CH
2319720,50434447,CH
2319714,50434430,CH
2319712,50434424,CH
2319711,50434409,CH
2319707,50434403,CH
2318223,50433511,CH
1037095,50432203,CH
2317653,50432173,CH
655557,50432360,CH
2316340,50397048,CH
2316406,50396838,CH
162377,50390776,CH
2269895,50385290,CH
401621,50381779,CH
2316160,50378853,CH
671505,50378631,CH
922940,50378646,CH
950951,50341194,CH
2312293,50334353,CH
2309321,50334299,CH
2314047,50322884,CN
511969,50318904,CH
158319,50298558,CH
2118634,50298528,CH
1358327,50293147,CH
1981548,50293371,CH
1736407,50293389,CH
2302193,50285444,CH
2310165,50285441,CH
483720,50285688,CH
2310189,50273230,CH
2309423,50272162,CH
2310972,50272120,CH
2164489,50272027,CH
1949692,50273161,CH
1155754,50272046,CH
1412853,50258046,CH
2238144,50223198,CH
1041720,50223386,CH
1321281,50223090,CH
1899127,50223069,CH
2114656,50223005,CH
2288788,50204274,CH
1579822,50184411,CH
1406417,50159563,CH
590325,50152503,CH
1541394,50152421,CH
1274664,50121927,CH
1943810,50122014,CH
787174,50118167,CH
757392,50108577,CH
128752,50106812,CH
241331,50105102,CH
960238,50104873,CH
676502,50090449,CH
867803,50079583,CH
2300050,50070002,CH
2300514,50069739,CH
1104081,50039882,CH
211643,50039253,CH
2294444,49990900,CH
1290234,49990818,CH
2291239,49990495,CH
2294987,49990210,CH
2295443,49990207,CH
2131481,49990464,CH
1460884,49976979,CH
2293838,49976945,CH
320334,49976738,CH
2295079,49972574,CH
1821930,49972546,CH
2295209,49972545,CH
2277328,49971825,CH
1272101,49971927,CH
262863,49972575,CH
2294943,49961493,CH
2260573,49961318,CH
902597,49961240,CH
1898040,49961295,CH
370085,49941710,CH
2222786,49939336,CH
1932766,49939278,CH
1091196,49937032,CH
381900,49936747,CH
2108694,49936873,CH
2292269,49932593,CH
1475493,49932412,CH
2292429,49924154,CH
2292747,49924058,CH
1961237,49926333,CH
237271,49927072,CH
352677,49926400,CH
1641735,49912984,CH
429102,49909257,CH
2291734,49909227,CH
2132257,49894522,CH
1063095,49894520,CH
2283272,49865223,CH
345570,49865117,CH
2286502,49832471,CH
2286421,49832443,CH
1764626,49832264,CH
2012360,49815340,CH
2284684,49797649,CH
2284587,49787582,CH
1596106,49783826,CH
2285009,49783777,CH
2284979,49783762,CH
920915,49783650,CH
759510,49777603,CH
631681,49775909,CH
1484748,49772323,CH
1666157,49772114,CH
1285250,49758533,CH
1718106,49732459,CH
1007210,49732489,CH
1812588,49722526,CH
904043,49708626,CH
2216551,49698628,CH
837020,49696885,CH
1437099,49696956,CH
1699881,49696994,CH
2061304,49673274,CH
2279185,49673250,CH
1034217,49673152,CH
2277780,49673133,CH
1651206,49671192,CH
1346347,49671130,CH
845550,49659470,CH
1036668,49650398,CH
2263567,49633694,CH
1926843,49633662,CH
1552438,49633479,CH
1992001,49633643,CH
838587,49614286,CH
1015671,49613936,CH
1925355,49599668,CH
640868,49577444,CH
2195476,49577405,CH
2273699,49577349,CH
2273166,49577226,CH
2273146,49576879,CH
1499166,49576923,CH
1661728,49577009,CH
2269839,49518563,CH
1084159,49518439,CH
2162083,49518731,CH
2224252,49512212,CH
2258315,49512179,CH
412572,49511975,CH
1174519,49512006,CH
1937151,49501319,CH
2232628,49490426,CH
355450,49490421,CH
1868903,49490319,CH
2269430,49489949,CH
2077532,49485259,CH
1691356,49485242,CH
2039912,49465337,CH
866335,49465293,CH
866335,49465293,CH
2194022,49465192,CH
2266913,49464516,CH
1190589,49464504,CH
1416975,49464457,CH
1406383,49465169,CH
2127534,49442608,CH
2001316,49442686,CH
2263574,49398780,CH
1037268,49398230,CH
2139000,49398196,CH
2153585,49398179,CH
1807814,49398812,CH
2264366,49386631,CH
1548676,49385397,CH
1450672,49384116,CH
154656,49383880,CH
1080802,49380124,CH
2088945,49367578,CH
259909,49344108,CH
1736010,49335973,CH
927515,49336053,CH
1750789,49312354,CH
860220,49303825,CH
2258812,49282902,CH
1331734,49279254,CH
2255782,49254885,CH
988995,49254729,CH
747622,49254816,CH
110886,49233230,CH
2124077,49233174,CH
1429104,49233044,CH
2056553,49233102,CH
2149801,49224342,CH
1652088,49224280,CH
2256267,49224075,CH
2255298,49224065,CH
2253908,49210310,CH
619225,49210192,CH
2097230,49210198,CH
1651349,49200655,CH
2252412,49162178,CH
1466542,49162091,CH
2251219,49140234,CH
2249305,49139983,CH
1237210,49140113,CH
2250081,49117453,CH
716891,49058330,CH
1898706,49052567,CH
998587,49052647,CH
1188324,49035388,CH
1175419,48988181,CH
1959061,48988129,CH
1203783,48974409,CH
858288,48974427,CH
795146,48952815,CH
1972922,48952791,CH
1516157,48952494,CH
775670,48957023,CH
1351899,48952561,CH
1032641,48949478,CH
428677,48949558,CH
1176188,48905796,CH
1726284,48899506,CH
1259546,48861048,CH
2237202,48848178,CH
2229878,48847925,CH
2229878,48847925,CH
2236284,48824624,CH
1927618,48789679,CH
1240928,48789920,CH
1820545,48782753,CH
2102730,48714399,CH
155185,48712890,CH
841351,48714373,CH
1318298,48712844,CH
1703204,48705644,CH
629886,48700717,CH
27923,48700728,CH
149054,48700689,CH
134256,48671279,CH
1887208,48653447,CH
2230623,48652985,CH
562833,48653232,CH
1246172,48653007,CH
1273089,48640774,CH
2226440,48640519,CH
201183,48640478,CH
1159177,48640651,CH
416292,48640721,CH
1836672,48640608,CH
931714,48643301,CH
1991841,48622618,CH
2229750,48622514,CH
813038,48621070,CH
1396936,48621033,CH
1966803,48621031,CH
536496,48622381,CH
1641169,48588283,CH
1254618,48588274,CH
2228680,48584598,CH
381567,48584119,CH
1813806,48544829,CH
1141512,48544624,CH
1985329,48544616,CH
1398051,48544786,CH
2224954,48517310,CH
1152481,48512980,CH
130592,48491868,CH
2225031,48491825,CH
2224972,48491780,CH
756212,48491765,CH
2148432,48491669,CH
2224338,48491631,CH
1332901,48491741,CH
1788438,48454957,CH
2223584,48454719,CH
564423,48454818,CH
655715,48454949,CH
2093009,48439774,CH
516633,48439628,CH
2221932,48419956,CH
2221581,48419874,CH
2221161,48419814,CH
1150079,48419970,CH
728282,48386735,CH
966310,48386895,CH
2190820,48372647,CH
1912612,48372597,CH
2218370,48335808,CH
236555,48335743,CH
1045177,48335629,CH
1177578,48335938,CH
1385814,48335488,CH
129704,48335669,CH
1628549,48335625,CH
1782780,48320093,CH
2216835,48319917,CH
514655,48319836,CH
1483762,48320141,CH
703630,48269554,CH
1738051,48269553,CH
1979734,48253148,CH
974777,48248423,CH
1640397,48248065,CH
2215904,48233893,CH
2215849,48233770,CH
1547831,48234030,CH
366735,48226693,CH
619528,48226797,CH
2215289,48221352,CH
798183,48171440,CH
2200722,48171387,CH
312565,48171359,CH
2213119,48164391,CH
1136570,48164146,CH
2213075,48164140,CH
177407,48164013,CH
468152,48155173,CH
1429201,48155501,CH
689950,48155398,CH
864274,48155455,CH
785723,48153033,CH
484723,48155556,CH
808964,48152721,CH
354257,48155197,CH
859122,48129146,CH
2028212,48129260,CH
2211556,48123849,CH
2210343,48119177,CH
529956,48119071,CH
1746021,48118963,CH
134261,48123800,CH
1132446,48118900,CH
125030,48119152,CH
536836,48114513,CH
115014,48114268,CH
396862,48114476,CH
978599,48114358,CH
1546427,48114255,CH
2061006,48114181,CH
897101,48114111,CH
897101,48114111,CH
2208080,48075185,CH
427748,48074998,CH
1361531,48073286,CH
1163083,48073278,CH
2061250,48073243,CH
468515,48073506,CH
216102,48073414,CH
344070,48073446,CH
2061250,48073243,CH
2130406,48070529,CH
1480197,48070849,CH
605056,48052013,CH
2207458,48051757,CH
2209156,48051632,CH
2208624,48051576,CH
1622957,48051848,CH
1295203,48051608,CH
1607861,48044802,CH
864681,48021525,CH
2013460,48020543,CH
114743,48020951,CH
2082722,48021232,CH
1843186,48021542,CH
1974953,48020647,CH
281184,47996855,CH
2071475,47996960,CH
2205651,47985088,CH
1007827,47984868,CH
2103644,47984997,CH
200432,47968388,CH
630605,47968365,CH
1999242,47968179,CH
1252583,47968531,CH
1167502,47939166,CH
2204346,47936505,CH
2204308,47936501,CH
1174359,47939007,CH
945632,47938928,CH
1961876,47936690,CH
1583081,47936605,CH
966378,47936467,CH
122900,47926874,CH
2203340,47922824,CH
2204326,47922519,CH
1606267,47922740,CH
2053722,47913198,CH
2144239,47910978,CH
2204379,47908925,CH
2204378,47908892,CH
2204385,47908882,CH
822805,47908653,CH
2163804,47911033,CH
489914,47910882,CH
875930,47910833,CH
1726336,47908367,CH
1447366,47908423,CH
474041,47908507,CH
1077319,47908896,CH
1154229,47883992,CH
267131,47837013,CH
1713583,47837068,CH
1051871,47837092,CH
1897385,47837390,CH
1548400,47830901,CH
532472,47813748,CH
704685,47813747,CH
2196996,47813600,CH
2030071,47813552,CH
1146791,47813956,CH
1698962,47813892,CH
334610,47819358,CH
844969,47813697,CH
1603144,47813824,CH
1867342,47803457,CH
721010,47803302,CH
1031794,47803291,CH
616592,47769904,CH
798365,47769887,CH
610674,47769744,CH
2085863,47769601,CH
2198266,47760681,CH
1982326,47754470,CH
1815831,47754449,CH
1155727,47754277,CH
681620,47758687,CH
805722,47758715,CH
743495,47754572,CH
748957,47754507,CH
1101355,47754367,CH
306243,47754368,CH
2197683,47749532,CH
2195709,47747418,CH
2197383,47747368,CH
368520,47747297,CH
741460,47749638,CH
2050964,47749604,CH
1126089,47747024,CH
123959,47747167,CH
1828891,47749343,CH
2197314,47723440,CH
2196792,47723391,CH
1216537,47723326,CH
2196609,47723198,CH
1781175,47723112,CH
1220299,47723330,CH
1213886,47723009,CH
565631,47719711,CH
2174792,47719599,CH
2196068,47719566,CH
1835957,47719489,CH
1191549,47719776,CH
1373435,47719519,CH
1674197,47695205,CH
1763361,47694946,CH
121498,47695140,CH
1756202,47695440,CH
2119735,47699328,CH
1660259,47699242,CH
1499610,47699191,CH
1084659,47699080,CH
184607,47690718,CH
868117,47690984,CH
1045666,47690907,CH
1060062,47690902,CH
1763781,47690934,CH
1023304,47681785,CH
741193,47675882,CH
2194947,47675862,CH
1075975,47675701,CH
2194851,47675523,CH
2195593,47675372,CH
2163687,47675283,CH
1114305,47675212,CH
1206227,47672456,CH
2195664,47672426,CH
239282,47672207,CH
2023108,47675494,CH
262651,47675946,CH
1849098,47672357,CH
570950,47672267,CH
880323,47675606,CH
2019983,47675316,CH
889616,47663388,CH
488575,47663266,CH
184974,47663167,CH
1007205,47663019,CH
404671,47663057,CH
388116,47663365,CH
820264,47663381,CH
349287,47663207,CH
1856383,47643279,CH
1082430,47643238,CH
2084491,47643427,CH
1319143,47643430,CH
2193832,47635839,CH
919796,47635810,CH
778807,47635616,CH
2160622,47630930,CH
1891488,47635707,CH
1233245,47635586,CH
1045383,47635576,CH
654910,47635566,CH
1920724,47635553,CH
1768234,47635543,CH
1001047,47635481,CH
903131,47635428,CH
403941,47622698,CH
246203,47622593,CH
2099467,47622459,CH
944958,47622267,CH
1383793,47622563,CH
2193346,47608308,CH
687110,47607943,CH
344520,47608259,CH
2193061,47596274,CH
546827,47592914,CH
947994,47592898,CH
1881513,47593166,CH
1676940,47596174,CH
1079353,47596401,CH
2130752,47596418,CH
304419,47596432,CH
835818,47596433,CH
1739746,47596526,CH
569829,47592764,CH
11054,47592828,CH
1068206,47592934,CH
161643,47593134,CH
1058065,47587814,CH
113582,47581606,CH
1898762,47581501,CH
1234447,47581454,CH
1798910,47581591,CH
2025032,47581576,CH
514195,47570178,CH
315027,47570179,CH
2135486,47545181,CH
617430,47545109,CH
1252086,47545219,CH
577254,47541024,CH
1102553,47529440,CH
1063190,47529329,CH
123268,47526781,CH
979179,47529446,CH
2190827,47526158,CH
2190753,47518764,CH
275769,47518659,CH
542249,47518577,CH
541070,47518550,CH
516286,47518500,CH
2190275,47518370,CH
1104887,47518293,CH
1622693,47518756,CH
947259,47518420,CH
929497,47518473,CH
961390,47518408,CH
1957488,47518456,CH
1939812,47518263,CH
2185293,47510159,CH
1742513,47510042,CH
1988559,47509945,CH
514646,47508855,CH
1951075,47508686,CH
1621224,47508580,CH
1905442,47508647,CH
1774210,47508622,CH
790657,47509156,CH
1120478,47510241,CH
581547,47510157,CH
189853,47503386,CH
2190849,47503103,CH
730953,47503079,CH
1058941,47503308,CH
816935,47503095,CH
644868,47503121,CH
837869,47481273,CH
31404,47473125,CH
598966,47473165,CH
1901874,47473231,CH
481555,47473005,CH
221360,47442390,CH
1023633,47442584,CH
283974,47442647,CH
374920,47442648,CH
1435091,47442698,CH
187582,47442762,CH
1281886,47433890,CH
1050582,47436199,CH
1143511,47436145,CH
1656494,47434012,CH
570169,47433691,CH
1941718,47433586,CH
1539207,47433618,CH
1454691,47422348,CH
2188070,47420805,CH
2188442,47420722,CH
1363385,47417679,CH
343604,47418103,CH
699649,47418172,CH
736648,47418216,CH
1980469,47422277,CH
433678,47422376,CH
735739,47417728,CH
1245620,47413883,CH
931920,47410804,CH
1227558,47413933,CH
379803,47411391,CH
1459485,47410985,CH
515843,47411133,CH
1652231,47411247,CH
576355,47413816,CH
2187578,47401866,CH
2085412,47401860,CH
912318,47402030,CH
358389,47401929,CH
1459075,47401700,CH
1721621,47395504,CH
1004149,47395579,CH
934027,47395513,CH
1429534,47377690,CH
441874,47377602,CH
1843469,47369534,CH
1726310,47369532,CH
2186615,47369180,CH
681627,47369266,CH
2186432,47360318,CH
200695,47360280,CH
2186405,47360235,CH
2186187,47360182,CH
2078477,47360152,CH
935662,47360392,CH
1162089,47358920,CH
1419674,47364399,CH
445680,47360284,CH
387943,47360299,CH
205742,47358670,CH
1129809,47360150,CH
576403,47358643,CH
199691,47348675,CH
1272569,47348646,CH
379275,47348973,CH
1216412,47348926,CH
1775927,47348849,CH
2186015,47338845,CH
2184258,47338827,CH
757247,47338799,CH
543979,47338792,CH
953945,47339059,CH
562703,47339157,CH
2184275,47336293,CH
1082077,47313198,CH
106246,47313165,CH
1667971,47313209,CH
1095382,47313187,CH
2081245,47313172,CH
973225,47298942,CH
1807406,47295215,CH
383154,47295137,CH
1165037,47295195,CH
1229353,47295175,CH
1581456,47294800,CH
1990502,47278598,CH
1996126,47278806,CH
381562,47278719,CH
1434147,47278611,CH
1852949,47270806,CH
227706,47270717,CH
212787,47270685,CH
152402,47265746,CH
1446723,47265759,CH
375992,47265858,CH
2006785,47253840,CH
1996096,47253783,CH
2150269,47253316,CH
267621,47251149,CH
958042,47252567,CH
1972344,47252349,CH
1158433,47252329,CH
2005477,47250614,CH
130542,47243255,CH
1243465,47243236,CH
355729,47221532,CH
2017910,47221257,CH
685858,47221514,CH
1587869,47217214,CH
814979,47217191,CH
961095,47217006,CH
1717536,47213937,CH
2181558,47213845,CH
2181547,47213822,CH
2171218,47213819,CH
495767,47213833,CH
552683,47214051,CH
1154795,47213928,CH
2168481,47207709,CH
2181094,47204950,CH
1547385,47204702,CH
2173961,47202580,CH
2181057,47202443,CH
1079349,47202442,CH
1668609,47204768,CH
952401,47204841,CH
708847,47205054,CH
1624165,47202354,CH
1692888,47202507,CH
1404419,47207528,CH
726620,47207542,CH
1711023,47207554,CH
1058198,47207626,CH
792466,47207728,CH
1969591,47207735,CH
1108983,47199620,CH
624662,47199797,CH
1290685,47199993,CH
1341693,47199960,CH
558715,47199868,CH
2177074,47186918,CH
2181823,47186863,CH
711575,47186623,CH
966625,47186683,CH
1037860,47186807,CH
1599392,47187008,CH
2114049,47186900,CH
1104708,47186937,CH
1686481,47186571,CH
164046,47186518,CH
1640782,47186816,CH
825923,47183729,CH
1470851,47183916,CH
1521041,47183774,CH
288672,47172216,CH
970177,47169445,CH
361153,47165898,CH
1904798,47165587,CH
452122,47165542,CH
2096969,47165670,CH
1792096,47165844,CH
1943082,47165864,CH
1838811,47165602,CH
1363576,47169839,CH
1598875,47169526,CH
1899039,47165659,CH
1675912,47157580,CH
2180528,47157370,CH
2180957,47157340,CH
452455,47161280,CH
1373250,47161154,CH
1566831,47161114,CH
632753,47163325,CH
205976,47148725,CH
196699,47148679,CH
294653,47148686,CH
851498,47139333,CH
339236,47138915,CH
919265,47139084,CH
204852,47139201,CH
2144844,47138744,CH
1654444,47138613,CH
768206,47138984,CH
2175901,47136687,CH
2179610,47129025,CH
926273,47128945,CH
773388,47128923,CH
1763357,47128905,CH
467718,47128885,CH
1055253,47128877,CH
939496,47128785,CH
1946182,47128626,CH
188130,47128701,CH
1307358,47128889,CH
323684,47136620,CH
1126833,47129198,CH
1745415,47129204,CH
927417,47119922,CH
1363071,47098086,CH
385175,47098109,CH
1111598,47096680,CH
1884727,47098218,CH
488199,47096653,CH
549087,47098172,CH
1892126,47084366,CH
1914195,47084266,CH
589839,47078642,CH
1670461,47078551,CH
33238,47075258,CH
911602,47075245,CH
1446932,47074769,CH
8724,47074858,CH
1260228,47078610,CH
332848,47078569,CH
883645,47078511,CH
1953803,47075030,CH
943027,47080156,CH
1082639,47080222,CH
2034863,47067895,CH
1851886,47064716,CH
2178545,47064670,CH
586316,47067179,CH
304947,47064780,CH
790334,47064736,CH
1040948,47064586,CH
273864,47067172,CH
1628026,47058946,CH
1479055,47058850,CH
834602,47058657,CH
681848,47060669,CH
471445,47060822,CH
15118,47060929,CH
539729,47058936,CH
2120063,47058801,CH
331599,47058766,CH
297996,47058380,CH
1773839,47058261,CH
1365783,47058761,CH
370789,47060999,CH
1273645,47052853,CH
779641,47045663,CH
1641893,47052972,CH
2123955,47052743,CH
1269879,47045341,CH
1594945,47045573,CH
1277073,47045514,CH
1361507,47037489,CH
1099846,47037598,CH
113009,47037556,CH
964335,47029870,CH
1725548,47020512,CH
1051116,47029626,CH
1515788,47029729,CH
316988,47029773,CH
161574,47029934,CH
1187178,47029922,CH
559876,47029956,CH
1772930,47032107,CH
816245,47032137,CH
969259,47032143,CH
356759,47032423,CH
183766,47020463,CH
1130731,47020483,CH
899500,47020766,CH
540633,47029960,CH
1675751,47014737,CH
1095028,47014747,CH
1878515,47014775,CH
418516,47014843,CH
1427254,47015908,CH
910029,47016061,CH
1051357,47016174,CH
334686,47016235,CH
141330,47014951,CH
1843102,47001478,CH
1588748,47001449,CH
1437232,47001638,CH
1716657,47001400,CH
565604,47001464,CH
1512989,46997387,CH
1264506,46997288,CH
1812568,46995451,CH
1726099,46995480,CH
1052615,46995536,CH
730777,46985916,CH
1734181,46985954,CH
649381,46985986,CH
1501541,46987248,CH
1542171,46986223,CH
1049556,46986937,CH
1260321,46986960,CH
784430,46986963,CH
1911189,46987022,CH
1284715,46987049,CH
2042606,46987056,CH
1091607,46987081,CH
848595,46987186,CH
1380098,46987212,CH
1854842,46997420,CH
349443,46997273,CH
1122016,46986020,CH
1643180,46983375,CH
1984081,46977772,CH
1913970,46977556,CH
277265,46977569,CH
943899,46977721,CH
1183389,46983117,CH
1717904,46983256,CH
1901032,46977568,CH
423503,46977551,CH
120232,46977720,CH
2176819,46966071,CH
2176281,46959920,CH
1018769,46959278,CH
1608056,46960960,CH
449761,46960984,CH
934717,46966004,CH
914252,46966180,CH
1753118,46966199,CH
973521,46966056,CH
612062,46966546,CH
1449685,46966759,CH
774880,46966777,CH
366484,46959229,CH
892719,46959247,CH
202948,46959382,CH
1071080,46959457,CH
1115907,46959474,CH
675813,46959622,CH
920038,46960887,CH
1656576,46959952,CH
1555259,46960780,CH
1582790,46960819,CH
333916,46945761,CH
1913226,46945710,CH
1583030,46943700,CH
679593,46943571,CH
1671070,46944043,CH
348602,46943797,CH
992476,46943813,CH
2123371,46943847,CH
629589,46943891,CH
1760211,46943896,CH
588748,46944032,CH
1739498,46945965,CH
1613331,46945874,CH
360526,46945825,CH
1347200,46943777,CH
2175614,46926345,CH
1296765,46926233,CH
1055044,46926204,CH
552468,46926203,CH
2174124,46925999,CH
1434958,46925972,CH
2098778,46926052,CH
1169245,46926136,CH
237496,46926253,CH
459326,46926281,CH
1986185,46925930,CH
567560,46925921,CH
1820736,46938695,CH
918008,46938650,CH
1853218,46938512,CH
1601685,46925147,CH
1280155,46925244,CH
1692033,46923421,CH
818318,46919311,CH
1104691,46919702,CH
1492361,46919339,CH
634136,46901567,CH
593225,46862022,CH
408218,46861556,CH
1574585,46861371,CH
1403436,46861803,CH
779621,46861656,CH
908198,46861572,CH
1723828,46845706,CH
1445478,46845663,CH
2173986,46845548,CH
722268,46845470,CH
1099650,46845479,CH
1438358,46845664,CH
1198329,46845652,CH
270601,46845653,CH
243342,46854665,CH
1206020,46854590,CH
1467634,46854575,CH
779976,46854742,CH
1502671,46845559,CH
2035483,46796807,CH
693381,46808233,CH
1413890,46796965,CH
947838,46797036,CH
527912,46797199,CH
1042867,46797269,CH
891439,46797669,CH
1927953,46797370,CH
1025415,46797387,CH
372842,46797595,CH
1070096,46797568,CH
1829038,46807993,CH
2055964,46808074,CH
1400532,46808088,CH
1285837,46808131,CH
1772764,46808196,CH
1588494,46796901,CH
2171298,46793394,CH
1140215,46792645,CH
356059,46787327,CH
918673,46785143,CH
446754,46785101,CH
2047673,46782261,CH
1392066,46778715,CH
663793,46786880,CH
313122,46786907,CH
41896,46787044,CH
1585633,46787232,CH
1885089,46784800,CH
643989,46784864,CH
1022205,46784961,CH
2075196,46784999,CH
591958,46785001,CH
1681047,46785077,CH
334680,46785160,CH
827625,46785235,CH
1673639,46786757,CH
941421,46786780,CH
414710,46786839,CH
1150122,46786858,CH
541469,46787043,CH
1023192,46787216,CH
810868,46787461,CH
908352,46787471,CH
122694,46787477,CH
739133,46781852,CH
1984157,46781850,CH
2039664,46781930,CH
422708,46781935,CH
919945,46781955,CH
1741916,46781962,CH
1566915,46785248,CH
921906,46782102,CH
929839,46782146,CH
2021028,46782245,CH
1271523,46793138,CH
1672966,46792616,CH
766828,46792812,CH
2151655,46778470,CH
1886822,46778883,CH
58357,46778893,CH
1131460,46778997,CH
880862,46772351,CH
1430060,46767147,CH
1708742,46772383,CH
1854586,46772438,CH
1156467,46767137,CH
1447989,46767262,CH
149087,46767235,CH
1052656,46767364,CH
266567,46770093,CH
468585,46770251,CH
1909747,46770414,CH
722667,46770394,CH
530492,46772212,CH
1287778,46770447,CH
1044497,46770495,CH
1613180,46770502,CH
554011,46770521,CH
169221,46770522,CH
1304251,46773536,CH
1138055,46773566,CH
601778,46773596,CH
1053882,46773635,CH
1082439,46773699,CH
743263,46773735,CH
1567669,46773809,CH
802529,46772180,CH
1429369,46772360,CH
4729,46772204,CH
695733,46770516,CH
863436,46746443,CH
126115,46746616,CH
731963,46746546,CH
1059564,46746467,CH
927898,46736069,CH
528806,46734864,CH
2172414,46733798,CH
2173093,46733350,CH
450225,46732769,CH
1977400,46732882,CH
1053673,46732930,CH
755199,46733003,CH
918775,46732991,CH
1177410,46733279,CH
1166404,46733347,CH
1290003,46733406,CH
683083,46733690,CH
988426,46734918,CH
1236256,46734932,CH
1633298,46734996,CH
1270134,46732856,CH
2046614,46732745,CH
2074766,46735061,CH
1467602,46735632,CH
2121215,46735955,CH
1780615,46717716,CH
1779606,46717694,CH
1779548,46717656,CH
1795300,46717536,CH
1795295,46717520,CH
1141479,46716980,CH
744404,46716875,CH
1798378,46716940,CH
629282,46716971,CH
1789271,46717028,CH
1937099,46717049,CH
263294,46717275,CH
825908,46717388,CH
1484692,46717438,CH
146626,46717465,CH
1336679,46717483,CH
1277423,46717635,CH
1585841,46714269,CH
967525,46714282,CH
786463,46714340,CH
352730,46714366,CH
2040679,46714381,CH
392062,46714523,CH
1644101,46714538,CH
1504489,46714566,CH
1694208,46714576,CH
1195414,46714656,CH
2004143,46711888,CH
1694677,46711989,CH
1364889,46712053,CH
755655,46712062,CH
340253,46712110,CH
1006860,46716840,CH
795166,46716709,CH
611728,46715518,CH
2045827,46715442,CH
1025389,46712173,CH
1288327,46715195,CH
740614,46715389,CH
2171328,46695945,CH
356473,46695919,CH
1110161,46696335,CH
782678,46699375,CH
2094843,46699437,CH
2029104,46699931,CH
336030,46699450,CH
1445891,46699535,CH
1182011,46699552,CH
51827,46699555,CH
1951564,46699857,CH
157665,46695752,CH
1479172,46699442,CH
2170885,46688490,CH
1411409,46688457,CH
1332996,46688520,CH
1217723,46688709,CH
1390651,46688624,CH
1077446,46688637,CH
781476,46688640,CH
304944,46688683,CH
1556060,46688405,CH
756754,46688583,CH
1684416,46670098,CH
965251,46670227,CH
1859179,46662489,CH
1895607,46662805,CH
2073551,46662594,CH
878980,46662716,CH
1729889,46662774,CH
2071716,46662573,CH
1788893,46654703,CH
345014,46654570,CH
1216520,46626755,CH
1097012,46626690,CH
1652002,46626733,CH
1447686,46632719,CH
387813,46626964,CH
1029271,46626972,CH
734403,46627087,CH
403494,46627145,CH
38890,46626670,CH
1595321,46626790,CH
2171383,46618540,CH
1044434,46617193,CH
2063851,46618321,CH
951328,46618382,CH
1140001,46618566,CH
1060544,46618564,CH
399386,46625706,CH
795459,46625710,CH
204348,46617059,CH
728842,46617104,CH
746608,46617201,CH
991739,46617230,CH
40976,46617452,CH
776365,46624295,CH
1217658,46624500,CH
1727867,46624613,CH
715869,46624667,CH
613795,46618172,CH
2140193,46618227,CH
1854390,46604998,CH
2100101,46592326,CH
1986452,46592064,CH
1764789,46592278,CH
1251172,46592248,CH
819353,46592320,CH
123439,46605441,CH
977205,46605004,CH
2076821,46605095,CH
1026487,46605103,CH
1067930,46605274,CH
1073061,46605376,CH
1790943,46605422,CH
1717450,46592266,CH
1808126,46592125,CH
2004889,46592044,CH
522713,46592337,CH
569924,46585852,CH
731683,46578494,CH
2170905,46575481,CH
2163187,46575025,CH
2163187,46575025,CH
1627968,46575270,CH
924652,46575163,CH
1829585,46575124,CH
859578,46578034,CH
716063,46578050,CH
2140135,46578095,CH
126262,46578348,CH
684655,46578409,CH
1153185,46578485,CH
1648278,46575108,CH
703005,46585491,CH
433534,46585605,CH
1363393,46585551,CH
1715528,46585682,CH
329961,46585930,CH
1153595,46575432,CH
1886285,46558280,CH
1561515,46558449,CH
820630,46558447,CH
310504,46558665,CH
138699,46558752,CH
1183641,46529415,CH
1252682,46529183,CH
771545,46526901,CH
1065664,46526503,CH
1125198,46525661,CH
192941,46525691,CH
440109,46525784,CH
1158335,46516734,CH
1821536,46516838,CH
312037,46516862,CH
1155733,46516972,CH
421471,46526529,CH
402439,46526609,CH
2065658,46526750,CH
1613064,46526815,CH
1672267,46529847,CH
1044152,46529189,CH
1680655,46529193,CH
370839,46529263,CH
1634291,46529291,CH
1844809,46529356,CH
457013,46529406,CH
378091,46529437,CH
1333913,46529456,CH
1332323,46529521,CH
1711473,46529605,CH
1070099,46529678,CH
593078,46529681,CH
959727,46529783,CH
1809859,46529817,CH
639005,46525658,CH
1769291,46525636,CH
568973,46525524,CH
1267713,46525805,CH
1089819,46526888,CH
473133,46500633,CH
1212593,46500415,CH
1553089,46498333,CH
1666508,46498161,CH
1975939,46498068,CH
1046606,46488341,CH
1428461,46488258,CH
808313,46485931,CH
263427,46485881,CH
1662898,46485867,CH
2169848,46485723,CH
702965,46485382,CH
864202,46485433,CH
2153169,46485479,CH
1081719,46485975,CH
911723,46485534,CH
1130752,46485593,CH
1087098,46485565,CH
1342373,46485805,CH
2145967,46485996,CH
357208,46500383,CH
851823,46500464,CH
1239229,46500473,CH
1547625,46500681,CH
1373001,46500678,CH
1683409,46500690,CH
794613,46495598,CH
1848671,46495920,CH
800225,46495958,CH
2092951,46488160,CH
173546,46488354,CH
489752,46488413,CH
387890,46488453,CH
518442,46485310,CH
1200590,46498335,CH
748923,46498324,CH
1112249,46498272,CH
1062165,46498202,CH
269045,46498144,CH
1488907,46498078,CH
1700599,46501287,CH
1642862,46501056,CH
1362425,46500578,CH
1336272,46500572,CH
452582,46488404,CH
1231402,46500437,CH
2167261,46478818,CH
2168778,46464721,CH
1715407,46464652,CH
568691,46464486,CH
565467,46460916,CH
128445,46460721,CH
1469940,46472229,CH
1787197,46472294,CH
1550504,46472392,CH
1482472,46472486,CH
2102156,46472445,CH
1899807,46472532,CH
814432,46479101,CH
560297,46479111,CH
1181932,46479141,CH
1235685,46479200,CH
1525951,46460863,CH
929373,46460888,CH
1800374,46460943,CH
1749429,46460990,CH
954783,46464372,CH
655139,46464393,CH
1938655,46464455,CH
1662258,46464457,CH
1435350,46464657,CH
273185,46472213,CH
825565,46472187,CH
488435,46479045,CH
809987,46479029,CH
1212464,46478964,CH
1155539,46478915,CH
754071,46478852,CH
1851794,46441628,CH
2168086,46441406,CH
675419,46441385,CH
1319952,46439945,CH
1108199,46441383,CH
1089466,46441693,CH
262867,46441911,CH
948325,46442119,CH
1822449,46442219,CH
1446343,46436259,CH
686323,46436274,CH
2027179,46436418,CH
1696795,46436469,CH
540142,46436428,CH
887840,46436555,CH
795642,46436639,CH
1775339,46441403,CH
590942,46439872,CH
1591534,46436779,CH
1171370,46439537,CH
1302261,46439725,CH
563673,46416268,CH
2129626,46434504,CH
1244112,46434641,CH
667783,46434648,CH
535192,46434757,CH
1554532,46416818,CH
257639,46434459,CH
853261,46416551,CH
2069280,46416675,CH
1568765,46416253,CH
458620,46434454,CH
911061,46399797,CH
1789762,46399771,CH
2166253,46399588,CH
500105,46397030,CH
140293,46399704,CH
542635,46399759,CH
460319,46399504,CH
1715235,46399563,CH
2052888,46399703,CH
1557925,46399832,CH
733819,46399921,CH
317441,46397037,CH
1442607,46397136,CH
685794,46397109,CH
499977,46397265,CH
369912,46397614,CH
2085024,46397660,CH
1831992,46389301,CH
948534,46389316,CH
318380,46389338,CH
964323,46389351,CH
1982718,46389369,CH
149174,46389384,CH
1537135,46389445,CH
1090118,46389396,CH
1224251,46389444,CH
587846,46389426,CH
820249,46389488,CH
978425,46389494,CH
126009,46389528,CH
933195,46399648,CH
366004,46399656,CH
627661,46399329,CH
308986,46399357,CH
1366897,46399526,CH
218623,46378619,CH
794240,46378570,CH
1304307,46378139,CH
1842604,46377900,CH
1447588,46378548,CH
465093,46378307,CH
1990089,46378234,CH
1035954,46378445,CH
897253,46378458,CH
937992,46377619,CH
1679956,46359671,CH
607800,46359809,CH
1990883,46359970,CH
332547,46359912,CH
1842496,46359944,CH
543515,46359802,CH
1943537,46345393,CN
540802,46345329,CH
1866951,46345558,CH
1092771,46345571,CH
999058,46345609,CH
210829,46335615,CH
1099718,46336022,CH
710783,46335696,CH
1171397,46335746,CH
1100616,46335770,CH
1924788,46335786,CH
2069034,46335870,CH
1170666,46335899,CH
1947823,46335972,CH
128625,46345536,CH
618828,46345285,CH
470257,46335699,CH
1354400,46328721,CH
2073572,46327944,CH
718449,46328580,CH
1451258,46328594,CH
1420163,46328609,CH
1956695,46328087,CH
1048741,46328083,CH
1319281,46328254,CH
2166574,46287290,CH
2164260,46274835,CH
2163529,46216705,CH
2160990,46215523,CH
2162384,46185094,CH
1811585,46151622,CH
2161213,46144016,CH
1913002,46136198,CH
965440,46136098,CH
875416,46136086,CH
147872,46136049,CH
132219,46136017,CH
121953,46135976,CH
121380,46135907,CH
681490,46092299,CH
1126270,45977411,SC
2152512,45961601,CH
2152705,45956680,CH
2151466,45941385,CH
536946,45937323,CH
2146348,45837272,CH
2147923,45836358,CH
2042380,45801444,CH
2143756,45801309,CH
2144643,45789209,CH
2145036,45767910,CH
145432,45726127,CH
351025,45711203,CH
914273,45701691,CH
2140917,45698104,CH
677527,45697937,CH
490353,45667070,CH
2140037,45667015,CH
2035949,45666992,CH
2132856,45558953,CH
1514305,45551584,CH
841258,45526729,CH
2024750,45497170,CH
626803,45408463,CH
410670,45408227,CH
2041891,45373639,CH
1422064,45331501,CH
2090776,45300232,CH
1933893,45114494,CN
500263,45070809,CH
1567780,45070703,CH
937920,45045020,CH
485235,44937169,CH
1772889,44927679,CH
1070197,44905096,CH
1738433,44815096,CH
1591043,44815057,CH
1591035,44815050,CH
1574411,44815027,CH
1574404,44814936,CH
1574368,44814826,CH
217484,44787825,CH
2097999,44779364,CH
2094839,44755665,CH
2080860,44747995,CH
1842934,44685266,CN
2092261,44662861,CH
2091917,44657647,CH
1968614,44630024,CH
2082478,44629977,CH
1588720,44454108,SC
1401324,44453903,CH
2079017,44419815,CH
2079414,44397125,CH
903061,44333612,CH
2074448,44325565,CH
1972072,44326774,CH
1695148,44326738,CH
1883008,44326633,CH
1945873,44326601,CH
1790824,44326586,CH
1986448,44326579,CH
1915157,44325524,CH
1673659,44325547,CH
2008291,44256257,CH
2068739,44245852,CH
561090,44206148,CH
2066043,44132757,CH
311947,44061781,CH
2061154,44048162,CH
568318,44048139,CH
1319473,44040818,CH
2058843,43993751,CH
2059026,43993704,CH
2059029,43993693,CH
1141907,43929895,CH
1055033,43811937,CH
1329060,43811812,CH
2050746,43772884,CH
2050469,43772647,CH
2049489,43767850,CH
1578432,43767735,CH
2048543,43710992,CH
1238624,43710791,CH
2043532,43621581,CH
2042360,43598284,CH
2011921,43484075,CH
1594538,43443548,CH
2033602,43379240,CH
2033405,43379138,CH
1011238,43328613,CH
2031029,43328434,CH
2029519,43301214,CH
336359,43296052,CH
2025395,43229412,CH
2026298,43201614,CH
807128,43201399,CH
2024511,43167853,CH
2021782,43079770,CN
1720907,43075714,CH
2020481,43060284,CH
2018731,43028356,CH
1779374,42725906,CH
2002858,42651502,CN
1448078,42614935,CH
1998975,42602225,CH
1672278,42564727,CH
295617,42466280,CH
1985390,42388077,CH
1596206,42305438,CH
1522642,42288633,CH
1295614,42248402,CH
1972967,42091554,CH
1329818,41842182,CH
1959885,41837516,CH
1724948,41837032,CH
1724944,41837027,CH
1955632,41764548,CH
1446297,41761673,CH
818882,41728656,CH
1952762,41717032,CH
1947299,41617023,CH
1944968,41580540,CH
1877247,41570484,CH
1877245,41570466,CH
1877240,41570452,CH
1877235,41570416,CH
1898581,41570406,CH
1877226,41570399,CH
1945569,41570362,CH
1877269,41570353,CH
1892418,41570352,CH
1944866,41557500,CH
1930703,41367068,CH
1927828,41290386,CH
1925404,41278300,CH
1656286,41278134,CH
1656284,41278123,CH
1656281,41278088,CH
1656279,41278070,CH
1656277,41278041,CH
1927332,41277680,CH
1926049,41257500,CH
1923469,41239434,CH
1515207,41227971,CH
1315503,41198722,CH
1919599,41126732,CH
1588665,41093893,CN
1413798,41075761,CH
1911520,41008078,CH
1086188,40925852,CH
1899062,40878049,CH
1586848,40798252,CH
1894130,40778714,CH
1892796,40747171,CH
1890593,40745265,CH
1884379,40620072,CH
1027536,40618156,CH
1553967,40611414,CH
1553967,40611414,CH
1839409,40600587,CN
1839409,40600587,CN
1839409,40600582,DS
1839409,40600582,DS
1169033,40597235,CH
1524712,40570428,CH
1837905,40428066,CH
1420445,40305742,CH
1858901,40228118,CH
1859531,40198299,CH
1858124,40178548,CH
311464,40083475,CH
601902,40036216,CH
1100919,40013782,CH
1846658,39996108,CH
1824144,39634765,CH
1681470,39599877,CH
628995,39591104,CH
635935,39538358,CH
1800331,39235767,CH
1569966,39093110,CH
1793990,39067486,CH
1793993,39067477,CH
1411261,38848392,CN
1783203,38812062,CH
1783203,38812062,CH
1783201,38812039,CH
1782277,38803843,CH
1782413,38787434,CH
1430456,38733458,CH
1413360,38733324,CH
1772891,38566554,CH
1772891,38566554,CH
1747360,38316815,CH
699416,38182358,CH
1734792,37983328,CH
764884,37885600,CH
1190819,37795286,CH
1526158,37697491,CH
149125,37646156,CH
140855,37510805,CH
462902,37353583,CH
1724795,37223028,CH
1724794,37222940,CH
1041757,37204593,CH
1717836,36915387,CH
1717242,36884176,CH
548282,36520516,CH
248787,36426061,CH
1665943,35990627,CH
1689089,35927860,CH
1265579,35346432,CH
1649785,34730595,CH
521664,34157542,DS
1587963,33506087,CH
1153949,33437689,CH
1590347,32640010,CH
1590325,32639989,CH
1375947,32228748,CH
1550585,31748370,CH
861014,31617019,CH
1412558,31421117,CH
1338740,31270705,CH
911362,30919514,CH
1433515,29626192,CH
923419,29262409,CH
770368,27360041,CN
1291607,23587101,CN
971340,23448125,CH
1240501,21515536,CN
1276595,19324097,CN
639331,13799406,CN
218595,12422892,CN
786775,11277027,CN
885019,10044312,CN
350281,9604403,CN
973862,9588719,CN
